unidad,var_x,var_y,pearson_r,pearson_p,spearman_rho,spearman_p,n,spearman_p_fdr,sig_tras_fdr
UPZ,estrato_promedio_oficial,estrato_promedio_reportado,0.894,0.0,0.916,0.0,112,0.0,True
UPZ,estrato_promedio_oficial,deficit_aseo_relativo,-0.491,0.0,-0.576,0.0,112,0.0,True
UPZ,estrato_promedio_oficial,densidad_cestas_km2,0.504,0.0,0.594,0.0,112,0.0,True
UPZ,estrato_promedio_oficial,densidad_contenedores_km2,0.038,0.69362,0.127,0.18138,112,0.24761,False
UPZ,estrato_promedio_oficial,densidad_puntos_criticos_km2,-0.293,0.00174,-0.311,0.00085,112,0.00225,True
UPZ,estrato_promedio_oficial,densidad_cuadrantes_km2,-0.091,0.34161,-0.109,0.25339,112,0.32579,False
UPZ,estrato_promedio_oficial,densidad_incidentes_km2,0.006,0.94995,0.087,0.36439,112,0.42045,False
UPZ,estrato_promedio_oficial,dist_estacion_bomberos_m,0.149,0.11568,-0.011,0.91244,112,0.91244,False
UPZ,estrato_promedio_oficial,cobertura_macrorutas_pct,0.112,0.24087,0.127,0.18158,112,0.24761,False
UPZ,estrato_promedio_reportado,deficit_aseo_relativo,-0.451,0.0,-0.49,0.0,112,0.0,True
UPZ,estrato_promedio_reportado,densidad_cestas_km2,0.458,0.0,0.508,0.0,112,0.0,True
UPZ,estrato_promedio_reportado,densidad_contenedores_km2,0.056,0.55871,0.093,0.32836,112,0.38885,False
UPZ,estrato_promedio_reportado,densidad_puntos_criticos_km2,-0.322,0.00053,-0.35,0.00015,112,0.00056,True
UPZ,estrato_promedio_reportado,densidad_cuadrantes_km2,-0.13,0.17343,-0.186,0.04927,112,0.07391,False
UPZ,estrato_promedio_reportado,densidad_incidentes_km2,0.059,0.53882,0.084,0.37723,112,0.42438,False
UPZ,estrato_promedio_reportado,dist_estacion_bomberos_m,0.124,0.19387,0.04,0.67166,112,0.7029,False
UPZ,estrato_promedio_reportado,cobertura_macrorutas_pct,0.213,0.02414,0.189,0.04544,112,0.07051,False
UPZ,deficit_aseo_relativo,densidad_cestas_km2,-0.98,0.0,-0.983,0.0,112,0.0,True
UPZ,deficit_aseo_relativo,densidad_contenedores_km2,-0.298,0.00142,-0.412,1e-05,112,5e-05,True
UPZ,deficit_aseo_relativo,densidad_puntos_criticos_km2,0.038,0.69122,-0.103,0.27905,112,0.33939,False
UPZ,deficit_aseo_relativo,densidad_cuadrantes_km2,-0.213,0.02401,-0.298,0.00143,112,0.00358,True
UPZ,deficit_aseo_relativo,densidad_incidentes_km2,-0.287,0.00214,-0.352,0.00014,112,0.00056,True
UPZ,deficit_aseo_relativo,dist_estacion_bomberos_m,0.255,0.00665,0.23,0.01476,112,0.02657,True
UPZ,deficit_aseo_relativo,cobertura_macrorutas_pct,-0.234,0.01315,-0.263,0.005,112,0.01071,True
UPZ,densidad_cestas_km2,densidad_contenedores_km2,0.1,0.29615,0.288,0.00211,112,0.005,True
UPZ,densidad_cestas_km2,densidad_puntos_criticos_km2,-0.062,0.51353,0.05,0.60169,112,0.64467,False
UPZ,densidad_cestas_km2,densidad_cuadrantes_km2,0.23,0.01489,0.312,0.00081,112,0.00225,True
UPZ,densidad_cestas_km2,densidad_incidentes_km2,0.297,0.0015,0.338,0.00027,112,0.00087,True
UPZ,densidad_cestas_km2,dist_estacion_bomberos_m,-0.242,0.01002,-0.219,0.02058,112,0.0343,True
UPZ,densidad_cestas_km2,cobertura_macrorutas_pct,0.162,0.08828,0.228,0.01549,112,0.02681,True
UPZ,densidad_contenedores_km2,densidad_puntos_criticos_km2,0.108,0.25752,0.25,0.00776,112,0.01518,True
UPZ,densidad_contenedores_km2,densidad_cuadrantes_km2,-0.035,0.71417,-0.071,0.45502,112,0.49941,False
UPZ,densidad_contenedores_km2,densidad_incidentes_km2,0.013,0.89056,0.038,0.69054,112,0.70623,False
UPZ,densidad_contenedores_km2,dist_estacion_bomberos_m,-0.111,0.24316,-0.113,0.23573,112,0.312,False
UPZ,densidad_contenedores_km2,cobertura_macrorutas_pct,0.388,2e-05,0.237,0.01194,112,0.02239,True
UPZ,densidad_puntos_criticos_km2,densidad_cuadrantes_km2,0.498,0.0,0.446,0.0,112,0.0,True
UPZ,densidad_puntos_criticos_km2,densidad_incidentes_km2,0.349,0.00016,0.261,0.00554,112,0.01133,True
UPZ,densidad_puntos_criticos_km2,dist_estacion_bomberos_m,-0.343,0.00021,-0.342,0.00022,112,0.00076,True
UPZ,densidad_puntos_criticos_km2,cobertura_macrorutas_pct,0.063,0.5084,0.104,0.27379,112,0.33939,False
UPZ,densidad_cuadrantes_km2,densidad_incidentes_km2,0.677,0.0,0.494,0.0,112,0.0,True
UPZ,densidad_cuadrantes_km2,dist_estacion_bomberos_m,-0.328,0.00042,-0.311,0.00085,112,0.00225,True
UPZ,densidad_cuadrantes_km2,cobertura_macrorutas_pct,0.124,0.19128,0.18,0.05735,112,0.08325,False
UPZ,densidad_incidentes_km2,dist_estacion_bomberos_m,-0.262,0.00521,-0.281,0.00271,112,0.0061,True
UPZ,densidad_incidentes_km2,cobertura_macrorutas_pct,0.302,0.00121,0.37,6e-05,112,0.00027,True
UPZ,dist_estacion_bomberos_m,cobertura_macrorutas_pct,-0.214,0.02324,-0.211,0.02521,112,0.04052,True
Localidad,estrato_promedio_oficial,estrato_promedio_reportado,0.963,0.0,0.97,0.0,19,0.0,True
Localidad,estrato_promedio_oficial,deficit_aseo_relativo,-0.572,0.01042,-0.598,0.00681,19,0.01362,True
Localidad,estrato_promedio_oficial,densidad_cestas_km2,0.581,0.00909,0.586,0.00838,19,0.01508,True
Localidad,estrato_promedio_oficial,densidad_puntos_criticos_km2,-0.022,0.92836,-0.056,0.81935,19,0.84276,False
Localidad,estrato_promedio_oficial,densidad_cuadrantes_km2,0.019,0.93825,0.097,0.69157,19,0.73225,False
Localidad,estrato_promedio_oficial,densidad_homicidios_km2,-0.182,0.45624,-0.386,0.10265,19,0.12743,False
Localidad,estrato_promedio_oficial,densidad_incidentes_km2,0.435,0.06239,0.442,0.05806,19,0.07465,False
Localidad,estrato_promedio_oficial,dist_estacion_bomberos_m,-0.463,0.04582,-0.144,0.55682,19,0.60744,False
Localidad,estrato_promedio_reportado,deficit_aseo_relativo,-0.493,0.02715,-0.577,0.00767,20,0.01453,True
Localidad,estrato_promedio_reportado,densidad_cestas_km2,0.487,0.02925,0.564,0.00961,20,0.01647,True
Localidad,estrato_promedio_reportado,densidad_puntos_criticos_km2,-0.058,0.80647,0.014,0.95482,20,0.95482,False
Localidad,estrato_promedio_reportado,densidad_cuadrantes_km2,0.121,0.61071,0.156,0.51216,20,0.57618,False
Localidad,estrato_promedio_reportado,densidad_homicidios_km2,-0.167,0.48038,-0.245,0.2976,20,0.35712,False
Localidad,estrato_promedio_reportado,densidad_incidentes_km2,0.432,0.05697,0.46,0.0412,20,0.05933,False
Localidad,estrato_promedio_reportado,dist_estacion_bomberos_m,-0.459,0.0418,-0.223,0.34562,20,0.40137,False
Localidad,deficit_aseo_relativo,densidad_cestas_km2,-0.99,0.0,-0.995,0.0,20,0.0,True
Localidad,deficit_aseo_relativo,densidad_puntos_criticos_km2,-0.643,0.00224,-0.666,0.00133,20,0.00342,True
Localidad,deficit_aseo_relativo,densidad_cuadrantes_km2,-0.408,0.07421,-0.693,0.0007,20,0.00194,True
Localidad,deficit_aseo_relativo,densidad_homicidios_km2,-0.442,0.05129,-0.436,0.05458,20,0.07277,False
Localidad,deficit_aseo_relativo,densidad_incidentes_km2,-0.84,0.0,-0.842,0.0,20,0.0,True
Localidad,deficit_aseo_relativo,dist_estacion_bomberos_m,0.421,0.06434,0.523,0.01789,20,0.028,True
Localidad,densidad_cestas_km2,densidad_puntos_criticos_km2,0.621,0.00348,0.66,0.00153,20,0.00367,True
Localidad,densidad_cestas_km2,densidad_cuadrantes_km2,0.41,0.07258,0.718,0.00037,20,0.00133,True
Localidad,densidad_cestas_km2,densidad_homicidios_km2,0.425,0.06195,0.453,0.04508,20,0.06242,False
Localidad,densidad_cestas_km2,densidad_incidentes_km2,0.823,1e-05,0.835,0.0,20,0.0,True
Localidad,densidad_cestas_km2,dist_estacion_bomberos_m,-0.392,0.08744,-0.525,0.01751,20,0.028,True
Localidad,densidad_puntos_criticos_km2,densidad_cuadrantes_km2,0.348,0.13278,0.76,0.0001,20,0.00045,True
Localidad,densidad_puntos_criticos_km2,densidad_homicidios_km2,0.744,0.00017,0.827,1e-05,20,6e-05,True
Localidad,densidad_puntos_criticos_km2,densidad_incidentes_km2,0.657,0.00166,0.629,0.00298,20,0.0067,True
Localidad,densidad_puntos_criticos_km2,dist_estacion_bomberos_m,-0.345,0.13627,-0.727,0.00029,20,0.00116,True
Localidad,densidad_cuadrantes_km2,densidad_homicidios_km2,0.343,0.13871,0.775,6e-05,20,0.00031,True
Localidad,densidad_cuadrantes_km2,densidad_incidentes_km2,0.67,0.00122,0.854,0.0,20,0.0,True
Localidad,densidad_cuadrantes_km2,dist_estacion_bomberos_m,-0.311,0.18243,-0.711,0.00044,20,0.00138,True
Localidad,densidad_homicidios_km2,densidad_incidentes_km2,0.352,0.12824,0.505,0.02306,20,0.03459,True
Localidad,densidad_homicidios_km2,dist_estacion_bomberos_m,-0.312,0.17995,-0.602,0.00502,20,0.01063,True
Localidad,densidad_incidentes_km2,dist_estacion_bomberos_m,-0.537,0.01464,-0.71,0.00046,20,0.00138,True
