year,upz_id,upz_nombre,localidad_id,localidad_nombre,emergencies,emergencies_per_km2,fires,rescues,environmental_emergencies
2016,75,Fontibon,09,FONTIBON,344,69.35,20,33,0
2017,75,Fontibon,09,FONTIBON,314,63.3,36,46,13
2018,75,Fontibon,09,FONTIBON,788,158.85,36,58,19
2019,75,Fontibon,09,FONTIBON,873,175.99,44,69,16
2020,75,Fontibon,09,FONTIBON,452,91.12,23,47,17
2016,22,Doce De Octubre,12,BARRIOS UNIDOS,245,72.92,8,26,0
2017,22,Doce De Octubre,12,BARRIOS UNIDOS,227,67.56,10,22,16
2018,22,Doce De Octubre,12,BARRIOS UNIDOS,322,95.84,11,48,18
2019,22,Doce De Octubre,12,BARRIOS UNIDOS,305,90.78,32,41,19
2020,22,Doce De Octubre,12,BARRIOS UNIDOS,165,49.11,14,23,7
2016,114,Modelia,09,FONTIBON,102,39.03,7,6,0
2017,114,Modelia,09,FONTIBON,122,46.68,6,12,6
2018,114,Modelia,09,FONTIBON,201,76.9,6,13,11
2019,114,Modelia,09,FONTIBON,192,73.46,6,16,15
2020,114,Modelia,09,FONTIBON,129,49.36,5,17,21
2016,103,Parque Salitre,12,BARRIOS UNIDOS,1179,714.07,70,66,0
2017,103,Parque Salitre,12,BARRIOS UNIDOS,957,579.61,47,58,14
2018,103,Parque Salitre,12,BARRIOS UNIDOS,222,134.46,7,19,4
2019,103,Parque Salitre,12,BARRIOS UNIDOS,84,50.88,2,2,1
2020,103,Parque Salitre,12,BARRIOS UNIDOS,39,23.62,1,3,1
2016,105,Jardin Botanico,10,ENGATIVA,132,81.69,1,6,0
2017,105,Jardin Botanico,10,ENGATIVA,56,34.66,0,1,5
2018,105,Jardin Botanico,10,ENGATIVA,41,25.37,0,4,0
2019,105,Jardin Botanico,10,ENGATIVA,31,19.19,2,9,5
2020,105,Jardin Botanico,10,ENGATIVA,9,5.57,2,3,1
2016,88,El Refugio,02,CHAPINERO,21,6.26,1,1,0
2017,88,El Refugio,02,CHAPINERO,20,5.96,3,2,0
2018,88,El Refugio,02,CHAPINERO,264,78.64,9,30,58
2019,88,El Refugio,02,CHAPINERO,344,102.47,30,52,84
2020,88,El Refugio,02,CHAPINERO,160,47.66,7,18,45
2016,27,Suba,11,SUBA,789,120.94,30,51,0
2017,27,Suba,11,SUBA,709,108.68,28,45,16
2018,27,Suba,11,SUBA,737,112.97,29,81,49
2019,27,Suba,11,SUBA,644,98.72,33,77,69
2020,27,Suba,11,SUBA,343,52.58,20,50,25
2016,99,Chapinero,02,CHAPINERO,454,285.23,22,46,0
2017,99,Chapinero,02,CHAPINERO,377,236.85,21,48,23
2018,99,Chapinero,02,CHAPINERO,867,544.7,23,85,29
2019,99,Chapinero,02,CHAPINERO,931,584.91,31,70,21
2020,99,Chapinero,02,CHAPINERO,383,240.62,14,48,10
2016,109,Ciudad Salitre Oriental,13,TEUSAQUILLO,235,130.27,21,14,0
2017,109,Ciudad Salitre Oriental,13,TEUSAQUILLO,271,150.23,50,42,3
2018,109,Ciudad Salitre Oriental,13,TEUSAQUILLO,154,85.37,12,10,8
2019,109,Ciudad Salitre Oriental,13,TEUSAQUILLO,110,60.98,4,22,13
2020,109,Ciudad Salitre Oriental,13,TEUSAQUILLO,42,23.28,2,7,5
2016,90,Pardo Rubio,02,CHAPINERO,191,67.02,89,8,0
2017,90,Pardo Rubio,02,CHAPINERO,101,35.44,5,3,24
2018,90,Pardo Rubio,02,CHAPINERO,284,99.66,14,32,28
2019,90,Pardo Rubio,02,CHAPINERO,359,125.98,23,54,63
2020,90,Pardo Rubio,02,CHAPINERO,263,92.29,59,32,18
2016,33,Sosiego,04,SAN CRISTOBAL,741,315.68,177,19,0
2017,33,Sosiego,04,SAN CRISTOBAL,521,221.96,32,35,13
2018,33,Sosiego,04,SAN CRISTOBAL,232,98.84,12,17,10
2019,33,Sosiego,04,SAN CRISTOBAL,280,119.29,42,42,8
2020,33,Sosiego,04,SAN CRISTOBAL,145,61.77,12,9,9
2016,102,La Sabana,14,LOS MARTIRES,381,84.56,20,42,0
2017,102,La Sabana,14,LOS MARTIRES,347,77.01,14,48,18
2018,102,La Sabana,14,LOS MARTIRES,788,174.89,37,44,9
2019,102,La Sabana,14,LOS MARTIRES,1030,228.59,39,54,10
2020,102,La Sabana,14,LOS MARTIRES,528,117.18,27,34,5
2016,45,Carvajal,08,KENNEDY,624,142.39,24,43,0
2017,45,Carvajal,08,KENNEDY,475,108.39,10,44,8
2018,45,Carvajal,08,KENNEDY,381,86.94,50,36,4
2019,45,Carvajal,08,KENNEDY,438,99.95,50,54,16
2020,45,Carvajal,08,KENNEDY,260,59.33,16,44,1
2016,93,Las Nieves,03,SANTA FE,223,129.32,18,19,0
2017,93,Las Nieves,03,SANTA FE,201,116.56,8,22,20
2018,93,Las Nieves,03,SANTA FE,481,278.94,25,77,14
2019,93,Las Nieves,03,SANTA FE,523,303.29,25,65,18
2020,93,Las Nieves,03,SANTA FE,192,111.34,19,32,4
2016,72,Bolivia,10,ENGATIVA,544,114.74,36,57,0
2017,72,Bolivia,10,ENGATIVA,510,107.57,34,76,27
2018,72,Bolivia,10,ENGATIVA,375,79.09,15,43,45
2019,72,Bolivia,10,ENGATIVA,267,56.31,13,31,29
2020,72,Bolivia,10,ENGATIVA,146,30.79,9,20,19
2016,15,Country Club,01,USAQUEN,439,153.83,21,26,0
2017,15,Country Club,01,USAQUEN,410,143.67,16,34,48
2018,15,Country Club,01,USAQUEN,214,74.99,2,14,32
2019,15,Country Club,01,USAQUEN,174,60.97,6,17,28
2020,15,Country Club,01,USAQUEN,92,32.24,8,8,9
2016,16,Santa Barbara,01,USAQUEN,173,37.75,9,6,0
2017,16,Santa Barbara,01,USAQUEN,170,37.09,8,21,21
2018,16,Santa Barbara,01,USAQUEN,430,93.82,8,45,42
2019,16,Santa Barbara,01,USAQUEN,581,126.76,23,93,53
2020,16,Santa Barbara,01,USAQUEN,228,49.75,12,51,19
2016,21,Los Andes,12,BARRIOS UNIDOS,251,91.41,15,25,0
2017,21,Los Andes,12,BARRIOS UNIDOS,240,87.4,8,36,31
2018,21,Los Andes,12,BARRIOS UNIDOS,264,96.14,13,23,5
2019,21,Los Andes,12,BARRIOS UNIDOS,274,99.78,17,22,15
2020,21,Los Andes,12,BARRIOS UNIDOS,106,38.6,7,20,3
2016,89,San Isidro - Patios,02,CHAPINERO,297,262.99,16,19,0
2017,89,San Isidro - Patios,02,CHAPINERO,275,243.51,18,43,43
2018,89,San Isidro - Patios,02,CHAPINERO,135,119.54,12,11,28
2019,89,San Isidro - Patios,02,CHAPINERO,111,98.29,33,5,20
2020,89,San Isidro - Patios,02,CHAPINERO,72,63.76,6,3,14
2018,106,La Esmeralda,13,TEUSAQUILLO,170,88.21,5,22,18
2019,106,La Esmeralda,13,TEUSAQUILLO,192,99.63,10,24,11
2020,106,La Esmeralda,13,TEUSAQUILLO,87,45.14,1,12,5
2016,86,El Porvenir,07,BOSA,705,153.04,48,60,0
2017,86,El Porvenir,07,BOSA,707,153.47,31,74,8
2018,86,El Porvenir,07,BOSA,348,75.54,38,35,6
2019,86,El Porvenir,07,BOSA,296,64.25,72,32,2
2020,86,El Porvenir,07,BOSA,142,30.82,29,23,2
2016,82,Patio Bonito,08,KENNEDY,133,41.95,10,11,0
2017,82,Patio Bonito,08,KENNEDY,121,38.16,8,16,1
2018,82,Patio Bonito,08,KENNEDY,351,110.7,34,39,3
2019,82,Patio Bonito,08,KENNEDY,354,111.65,36,47,7
2020,82,Patio Bonito,08,KENNEDY,214,67.49,20,21,1
2016,37,Santa Isabel,14,LOS MARTIRES,166,82.88,19,8,0
2017,37,Santa Isabel,14,LOS MARTIRES,167,83.37,13,12,2
2018,37,Santa Isabel,14,LOS MARTIRES,228,113.83,9,21,5
2019,37,Santa Isabel,14,LOS MARTIRES,187,93.36,12,22,9
2020,37,Santa Isabel,14,LOS MARTIRES,149,74.39,7,17,9
2016,49,Apogeo,07,BOSA,350,166.33,24,31,0
2017,49,Apogeo,07,BOSA,388,184.39,16,38,14
2018,49,Apogeo,07,BOSA,170,80.79,8,26,3
2019,49,Apogeo,07,BOSA,107,50.85,9,12,5
2020,49,Apogeo,07,BOSA,59,28.04,6,6,4
2016,19,El Prado,11,SUBA,337,77.82,13,41,0
2017,19,El Prado,11,SUBA,314,72.51,6,50,27
2018,19,El Prado,11,SUBA,451,104.14,21,54,23
2019,19,El Prado,11,SUBA,468,108.07,19,71,33
2020,19,El Prado,11,SUBA,232,53.57,17,36,22
2016,24,Niza,11,SUBA,210,27.78,10,14,0
2017,24,Niza,11,SUBA,164,21.69,7,9,20
2018,24,Niza,11,SUBA,462,61.11,16,47,54
2019,24,Niza,11,SUBA,523,69.18,17,74,92
2020,24,Niza,11,SUBA,228,30.16,6,24,31
2016,23,Casa Blanca Suba,11,SUBA,372,88.54,24,36,0
2017,23,Casa Blanca Suba,11,SUBA,328,78.07,20,32,15
2018,23,Casa Blanca Suba,11,SUBA,270,64.26,7,27,22
2019,23,Casa Blanca Suba,11,SUBA,206,49.03,15,20,26
2020,23,Casa Blanca Suba,11,SUBA,138,32.85,8,20,16
2016,110,Ciudad Salitre Occidental,09,FONTIBON,231,102.43,10,13,0
2017,110,Ciudad Salitre Occidental,09,FONTIBON,263,116.62,10,23,17
2018,110,Ciudad Salitre Occidental,09,FONTIBON,231,102.43,9,32,14
2019,110,Ciudad Salitre Occidental,09,FONTIBON,222,98.44,6,32,24
2020,110,Ciudad Salitre Occidental,09,FONTIBON,121,53.65,8,13,10
2016,100,Galerias,13,TEUSAQUILLO,827,348.39,25,67,0
2017,100,Galerias,13,TEUSAQUILLO,825,347.54,18,62,20
2018,100,Galerias,13,TEUSAQUILLO,515,216.95,13,58,28
2019,100,Galerias,13,TEUSAQUILLO,625,263.29,12,62,22
2020,100,Galerias,13,TEUSAQUILLO,244,102.79,17,25,12
2016,83,Las Margaritas,08,KENNEDY,418,284.12,39,40,0
2017,83,Las Margaritas,08,KENNEDY,389,264.41,43,54,2
2018,83,Las Margaritas,08,KENNEDY,126,85.64,3,16,0
2019,83,Las Margaritas,08,KENNEDY,59,40.1,4,9,2
2020,83,Las Margaritas,08,KENNEDY,36,24.47,2,10,1
2016,107,Quinta Paredes,13,TEUSAQUILLO,217,124.84,4,10,0
2017,107,Quinta Paredes,13,TEUSAQUILLO,165,94.93,4,21,8
2018,107,Quinta Paredes,13,TEUSAQUILLO,261,150.16,6,21,23
2019,107,Quinta Paredes,13,TEUSAQUILLO,240,138.07,11,21,14
2020,107,Quinta Paredes,13,TEUSAQUILLO,99,56.96,0,20,5
2016,101,Teusaquillo,13,TEUSAQUILLO,410,174.09,16,28,0
2017,101,Teusaquillo,13,TEUSAQUILLO,466,197.87,11,37,20
2018,101,Teusaquillo,13,TEUSAQUILLO,368,156.26,22,39,32
2019,101,Teusaquillo,13,TEUSAQUILLO,261,110.82,14,41,21
2020,101,Teusaquillo,13,TEUSAQUILLO,150,63.69,8,17,9
2016,91,Sagrado Corazon,03,SANTA FE,400,273.84,31,27,0
2017,91,Sagrado Corazon,03,SANTA FE,414,283.43,25,52,28
2018,91,Sagrado Corazon,03,SANTA FE,227,155.4,12,19,20
2019,91,Sagrado Corazon,03,SANTA FE,296,202.64,32,37,49
2020,91,Sagrado Corazon,03,SANTA FE,111,75.99,15,13,6
2016,108,Zona Industrial,16,PUENTE ARANDA,298,85.96,11,19,0
2017,108,Zona Industrial,16,PUENTE ARANDA,260,75.0,12,29,7
2018,108,Zona Industrial,16,PUENTE ARANDA,252,72.69,23,28,7
2019,108,Zona Industrial,16,PUENTE ARANDA,239,68.94,9,18,3
2020,108,Zona Industrial,16,PUENTE ARANDA,174,50.19,17,18,7
2016,55,Diana Turbay,18,RAFAEL URIBE URIBE,268,126.86,51,22,0
2017,55,Diana Turbay,18,RAFAEL URIBE URIBE,204,96.56,13,26,9
2018,55,Diana Turbay,18,RAFAEL URIBE URIBE,208,98.46,25,16,9
2019,55,Diana Turbay,18,RAFAEL URIBE URIBE,168,79.52,21,16,7
2020,55,Diana Turbay,18,RAFAEL URIBE URIBE,117,55.38,21,18,3
2016,51,Los Libertadores,04,SAN CRISTOBAL,508,139.31,90,18,0
2017,51,Los Libertadores,04,SAN CRISTOBAL,465,127.52,24,36,14
2018,51,Los Libertadores,04,SAN CRISTOBAL,381,104.48,29,32,6
2019,51,Los Libertadores,04,SAN CRISTOBAL,334,91.59,58,30,9
2020,51,Los Libertadores,04,SAN CRISTOBAL,199,54.57,21,16,4
2016,60,Parque Entrenubes,05,USME,115,27.47,7,7,0
2017,60,Parque Entrenubes,05,USME,128,30.57,29,9,3
2018,60,Parque Entrenubes,05,USME,30,7.17,5,3,1
2019,60,Parque Entrenubes,05,USME,41,9.79,8,3,0
2020,60,Parque Entrenubes,05,USME,24,5.73,2,6,0
2016,56,Danubio,05,USME,135,46.79,18,10,0
2017,56,Danubio,05,USME,135,46.79,6,11,6
2018,56,Danubio,05,USME,163,56.5,12,12,2
2019,56,Danubio,05,USME,173,59.96,16,9,2
2020,56,Danubio,05,USME,85,29.46,7,8,4
2016,65,Arborizadora,19,CIUDAD BOLIVAR,13,4.25,3,2,0
2017,65,Arborizadora,19,CIUDAD BOLIVAR,4,1.31,1,0,0
2018,65,Arborizadora,19,CIUDAD BOLIVAR,237,77.45,20,13,4
2019,65,Arborizadora,19,CIUDAD BOLIVAR,302,98.69,35,24,12
2020,65,Arborizadora,19,CIUDAD BOLIVAR,125,40.85,9,13,4
2016,2,La Academia,11,SUBA,40,5.96,4,0,0
2017,2,La Academia,11,SUBA,25,3.72,0,1,1
2018,2,La Academia,11,SUBA,79,11.76,4,1,6
2019,2,La Academia,11,SUBA,20,2.98,0,0,7
2020,2,La Academia,11,SUBA,4,0.6,0,0,0
2016,17,San Jose De Bavaria,11,SUBA,528,120.57,27,43,0
2017,17,San Jose De Bavaria,11,SUBA,467,106.64,25,68,48
2018,17,San Jose De Bavaria,11,SUBA,419,95.68,12,35,32
2019,17,San Jose De Bavaria,11,SUBA,334,76.27,16,17,30
2020,17,San Jose De Bavaria,11,SUBA,141,32.2,5,21,8
2016,18,Britalia,11,SUBA,545,165.96,10,17,0
2017,18,Britalia,11,SUBA,593,180.58,20,27,21
2018,18,Britalia,11,SUBA,371,112.98,18,41,31
2019,18,Britalia,11,SUBA,483,147.08,14,56,43
2020,18,Britalia,11,SUBA,225,68.52,10,45,16
2016,26,Las Ferias,10,ENGATIVA,228,48.21,7,16,0
2017,26,Las Ferias,10,ENGATIVA,219,46.3,5,23,13
2018,26,Las Ferias,10,ENGATIVA,608,128.55,24,55,23
2019,26,Las Ferias,10,ENGATIVA,798,168.72,36,64,25
2020,26,Las Ferias,10,ENGATIVA,308,65.12,16,36,15
2016,48,Timiza,08,KENNEDY,268,62.31,12,12,0
2017,48,Timiza,08,KENNEDY,384,89.28,14,49,8
2018,48,Timiza,08,KENNEDY,319,74.17,15,32,13
2019,48,Timiza,08,KENNEDY,361,83.93,24,39,15
2020,48,Timiza,08,KENNEDY,236,54.87,13,28,4
2016,13,Los Cedros,01,USAQUEN,204,30.37,19,20,0
2017,13,Los Cedros,01,USAQUEN,225,33.5,17,45,12
2018,13,Los Cedros,01,USAQUEN,677,100.79,27,91,72
2019,13,Los Cedros,01,USAQUEN,849,126.39,35,117,100
2020,13,Los Cedros,01,USAQUEN,457,68.03,19,67,47
2016,70,Jerusalem,19,CIUDAD BOLIVAR,348,64.8,33,23,0
2017,70,Jerusalem,19,CIUDAD BOLIVAR,374,69.64,47,24,9
2018,70,Jerusalem,19,CIUDAD BOLIVAR,276,51.39,16,28,3
2019,70,Jerusalem,19,CIUDAD BOLIVAR,272,50.65,31,26,10
2020,70,Jerusalem,19,CIUDAD BOLIVAR,152,28.3,23,14,1
2016,35,Ciudad Jardin,15,ANTONIO NARINO,418,313.98,45,16,0
2017,35,Ciudad Jardin,15,ANTONIO NARINO,325,244.12,11,21,5
2018,35,Ciudad Jardin,15,ANTONIO NARINO,149,111.92,10,14,7
2019,35,Ciudad Jardin,15,ANTONIO NARINO,112,84.13,6,15,7
2020,35,Ciudad Jardin,15,ANTONIO NARINO,80,60.09,2,16,3
2016,38,Restrepo,15,ANTONIO NARINO,247,69.69,10,24,0
2017,38,Restrepo,15,ANTONIO NARINO,187,52.76,3,28,4
2018,38,Restrepo,15,ANTONIO NARINO,633,178.6,29,33,15
2019,38,Restrepo,15,ANTONIO NARINO,836,235.87,19,53,6
2020,38,Restrepo,15,ANTONIO NARINO,365,102.98,9,27,4
2016,115,Capellania,09,FONTIBON,364,133.88,20,28,0
2017,115,Capellania,09,FONTIBON,344,126.52,18,37,23
2018,115,Capellania,09,FONTIBON,127,46.71,2,10,9
2019,115,Capellania,09,FONTIBON,103,37.88,7,9,14
2020,115,Capellania,09,FONTIBON,72,26.48,7,9,10
2016,50,La Gloria,04,SAN CRISTOBAL,61,15.82,5,7,0
2017,50,La Gloria,04,SAN CRISTOBAL,65,16.86,5,4,2
2018,50,La Gloria,04,SAN CRISTOBAL,423,109.71,31,27,10
2019,50,La Gloria,04,SAN CRISTOBAL,557,144.47,27,51,25
2020,50,La Gloria,04,SAN CRISTOBAL,247,64.06,18,25,2
2016,20,La Alhambra,11,SUBA,495,173.96,19,56,0
2017,20,La Alhambra,11,SUBA,409,143.74,21,44,28
2018,20,La Alhambra,11,SUBA,278,97.7,16,34,24
2019,20,La Alhambra,11,SUBA,180,63.26,13,34,14
2020,20,La Alhambra,11,SUBA,131,46.04,7,12,17
2016,79,Calandaima,08,KENNEDY,18,5.65,2,1,0
2017,79,Calandaima,08,KENNEDY,20,6.28,0,1,0
2018,79,Calandaima,08,KENNEDY,114,35.77,5,18,4
2019,79,Calandaima,08,KENNEDY,111,34.83,8,31,3
2020,79,Calandaima,08,KENNEDY,102,32.01,8,29,1
2016,61,Ciudad Usme,05,USME,43,4.65,9,1,0
2017,61,Ciudad Usme,05,USME,32,3.46,2,1,0
2018,61,Ciudad Usme,05,USME,98,10.6,12,8,5
2019,61,Ciudad Usme,05,USME,183,19.79,9,14,8
2020,61,Ciudad Usme,05,USME,94,10.17,18,10,3
2016,12,Toberin,01,USAQUEN,273,94.0,25,20,0
2017,12,Toberin,01,USAQUEN,203,69.9,8,14,26
2018,12,Toberin,01,USAQUEN,291,100.2,19,31,12
2019,12,Toberin,01,USAQUEN,234,80.57,19,33,19
2020,12,Toberin,01,USAQUEN,174,59.91,10,18,17
2016,10,La Uribe,01,USAQUEN,357,103.48,35,27,0
2017,10,La Uribe,01,USAQUEN,369,106.96,19,34,20
2018,10,La Uribe,01,USAQUEN,160,46.38,9,11,17
2019,10,La Uribe,01,USAQUEN,166,48.12,10,26,27
2020,10,La Uribe,01,USAQUEN,117,33.91,23,9,10
2016,59,Alfonso Lopez,05,USME,455,210.34,39,38,0
2017,59,Alfonso Lopez,05,USME,460,212.65,21,38,3
2018,59,Alfonso Lopez,05,USME,229,105.86,17,19,1
2019,59,Alfonso Lopez,05,USME,78,36.06,4,10,1
2020,59,Alfonso Lopez,05,USME,84,38.83,12,8,0
2016,58,Comuneros,05,USME,528,107.18,37,35,0
2017,58,Comuneros,05,USME,442,89.72,12,37,6
2018,58,Comuneros,05,USME,359,72.87,22,33,8
2019,58,Comuneros,05,USME,355,72.06,25,29,4
2020,58,Comuneros,05,USME,223,45.27,19,24,4
2016,43,San Rafael,16,PUENTE ARANDA,644,195.71,28,51,0
2017,43,San Rafael,16,PUENTE ARANDA,756,229.75,28,38,23
2018,43,San Rafael,16,PUENTE ARANDA,393,119.43,25,29,9
2019,43,San Rafael,16,PUENTE ARANDA,374,113.66,22,30,7
2020,43,San Rafael,16,PUENTE ARANDA,216,65.64,16,20,6
2016,47,Kennedy Central,08,KENNEDY,448,132.96,32,47,0
2017,47,Kennedy Central,08,KENNEDY,434,128.81,33,81,10
2018,47,Kennedy Central,08,KENNEDY,558,165.61,25,50,18
2019,47,Kennedy Central,08,KENNEDY,709,210.42,20,59,12
2020,47,Kennedy Central,08,KENNEDY,397,117.83,5,45,4
2016,36,San Jose,18,RAFAEL URIBE URIBE,131,63.05,7,10,0
2017,36,San Jose,18,RAFAEL URIBE URIBE,74,35.61,4,7,4
2018,36,San Jose,18,RAFAEL URIBE URIBE,203,97.7,14,12,15
2019,36,San Jose,18,RAFAEL URIBE URIBE,230,110.69,20,20,15
2020,36,San Jose,18,RAFAEL URIBE URIBE,141,67.86,16,18,5
2016,66,San Francisco,19,CIUDAD BOLIVAR,259,145.13,35,19,0
2017,66,San Francisco,19,CIUDAD BOLIVAR,183,102.54,8,21,6
2018,66,San Francisco,19,CIUDAD BOLIVAR,309,173.15,13,30,6
2019,66,San Francisco,19,CIUDAD BOLIVAR,444,248.8,18,29,3
2020,66,San Francisco,19,CIUDAD BOLIVAR,186,104.23,4,11,1
2016,57,Gran Yomasa,05,USME,160,29.89,24,10,0
2017,57,Gran Yomasa,05,USME,147,27.46,11,13,6
2018,57,Gran Yomasa,05,USME,576,107.59,32,45,7
2019,57,Gran Yomasa,05,USME,678,126.64,68,46,9
2020,57,Gran Yomasa,05,USME,314,58.65,16,27,1
2016,52,La Flora,05,USME,354,188.73,49,25,0
2017,52,La Flora,05,USME,351,187.13,26,26,5
2018,52,La Flora,05,USME,135,71.97,23,7,5
2019,52,La Flora,05,USME,108,57.58,9,9,2
2020,52,La Flora,05,USME,48,25.59,7,5,1
2016,11,San Cristobal Norte,01,USAQUEN,99,35.99,10,5,0
2017,11,San Cristobal Norte,01,USAQUEN,72,26.18,7,5,11
2018,11,San Cristobal Norte,01,USAQUEN,234,85.07,13,21,6
2019,11,San Cristobal Norte,01,USAQUEN,266,96.71,18,36,19
2020,11,San Cristobal Norte,01,USAQUEN,143,51.99,14,10,10
2016,14,Usaquen,01,USAQUEN,908,184.44,52,86,0
2017,14,Usaquen,01,USAQUEN,757,153.77,38,103,56
2018,14,Usaquen,01,USAQUEN,516,104.81,25,55,53
2019,14,Usaquen,01,USAQUEN,431,87.55,14,31,68
2020,14,Usaquen,01,USAQUEN,158,32.09,7,18,28
2016,73,Garces Navas,10,ENGATIVA,273,49.22,6,21,0
2017,73,Garces Navas,10,ENGATIVA,265,47.78,5,24,50
2018,73,Garces Navas,10,ENGATIVA,627,113.05,21,62,42
2019,73,Garces Navas,10,ENGATIVA,762,137.4,33,60,48
2020,73,Garces Navas,10,ENGATIVA,367,66.17,20,41,13
2016,74,Engativa,10,ENGATIVA,819,139.48,28,52,0
2017,74,Engativa,10,ENGATIVA,819,139.48,34,75,48
2018,74,Engativa,10,ENGATIVA,395,67.27,26,58,13
2019,74,Engativa,10,ENGATIVA,340,57.9,28,42,22
2020,74,Engativa,10,ENGATIVA,235,40.02,19,37,7
2016,104,Parque Simon Bolivar - Can,13,TEUSAQUILLO,71,17.82,4,2,0
2017,104,Parque Simon Bolivar - Can,13,TEUSAQUILLO,222,55.73,5,5,8
2018,104,Parque Simon Bolivar - Can,13,TEUSAQUILLO,215,53.97,5,11,7
2019,104,Parque Simon Bolivar - Can,13,TEUSAQUILLO,190,47.69,3,8,5
2020,104,Parque Simon Bolivar - Can,13,TEUSAQUILLO,42,10.54,5,5,6
2016,31,Santa Cecilia,10,ENGATIVA,528,171.25,39,42,0
2017,31,Santa Cecilia,10,ENGATIVA,402,130.38,33,48,14
2018,31,Santa Cecilia,10,ENGATIVA,353,114.49,18,30,26
2019,31,Santa Cecilia,10,ENGATIVA,238,77.19,23,24,23
2020,31,Santa Cecilia,10,ENGATIVA,131,42.49,9,20,13
2016,68,El Tesoro,19,CIUDAD BOLIVAR,543,257.72,58,41,0
2017,68,El Tesoro,19,CIUDAD BOLIVAR,549,260.57,28,30,15
2018,68,El Tesoro,19,CIUDAD BOLIVAR,276,131.0,35,19,5
2019,68,El Tesoro,19,CIUDAD BOLIVAR,236,112.01,47,15,1
2020,68,El Tesoro,19,CIUDAD BOLIVAR,102,48.41,5,16,0
2016,64,Monte Blanco,19,CIUDAD BOLIVAR,9,1.29,3,1,0
2017,64,Monte Blanco,19,CIUDAD BOLIVAR,18,2.59,0,1,1
2018,64,Monte Blanco,19,CIUDAD BOLIVAR,18,2.59,1,1,0
2019,64,Monte Blanco,19,CIUDAD BOLIVAR,5,0.72,0,0,0
2020,64,Monte Blanco,19,CIUDAD BOLIVAR,6,0.86,2,1,0
2016,71,Tibabuyes,11,SUBA,139,19.15,14,8,0
2017,71,Tibabuyes,11,SUBA,206,28.38,8,15,9
2018,71,Tibabuyes,11,SUBA,444,61.17,25,62,16
2019,71,Tibabuyes,11,SUBA,529,72.89,26,96,19
2020,71,Tibabuyes,11,SUBA,315,43.4,22,45,14
2016,29,Minuto De Dios,10,ENGATIVA,888,238.09,52,96,0
2017,29,Minuto De Dios,10,ENGATIVA,902,241.84,40,116,32
2018,29,Minuto De Dios,10,ENGATIVA,574,153.9,45,70,23
2019,29,Minuto De Dios,10,ENGATIVA,364,97.59,26,38,32
2020,29,Minuto De Dios,10,ENGATIVA,203,54.43,4,26,9
2016,76,Fontibon San Pablo,09,FONTIBON,924,256.9,44,62,0
2017,76,Fontibon San Pablo,09,FONTIBON,727,202.12,30,56,16
2018,76,Fontibon San Pablo,09,FONTIBON,257,71.45,15,14,10
2019,76,Fontibon San Pablo,09,FONTIBON,149,41.43,4,18,6
2020,76,Fontibon San Pablo,09,FONTIBON,120,33.36,8,9,6
2016,3,Guaymaral,11,SUBA,1,0.22,0,0,0
2017,3,Guaymaral,11,SUBA,2,0.44,0,0,0
2018,3,Guaymaral,11,SUBA,46,10.15,1,3,6
2019,3,Guaymaral,11,SUBA,95,20.96,17,2,10
2020,3,Guaymaral,11,SUBA,37,8.16,6,0,2
2016,80,Corabastos,08,KENNEDY,74,40.13,7,10,0
2017,80,Corabastos,08,KENNEDY,103,55.86,10,19,1
2018,80,Corabastos,08,KENNEDY,145,78.64,9,20,1
2019,80,Corabastos,08,KENNEDY,134,72.68,22,18,0
2020,80,Corabastos,08,KENNEDY,111,60.2,10,12,0
2016,67,Lucero,19,CIUDAD BOLIVAR,456,77.83,25,25,0
2017,67,Lucero,19,CIUDAD BOLIVAR,501,85.51,20,27,9
2018,67,Lucero,19,CIUDAD BOLIVAR,598,102.06,37,59,4
2019,67,Lucero,19,CIUDAD BOLIVAR,535,91.31,64,42,4
2020,67,Lucero,19,CIUDAD BOLIVAR,340,58.03,46,34,7
2016,63,El Mochuelo,19,CIUDAD BOLIVAR,291,91.95,56,16,0
2017,63,El Mochuelo,19,CIUDAD BOLIVAR,190,60.04,10,12,1
2018,63,El Mochuelo,19,CIUDAD BOLIVAR,83,26.23,6,11,0
2019,63,El Mochuelo,19,CIUDAD BOLIVAR,39,12.32,12,0,1
2020,63,El Mochuelo,19,CIUDAD BOLIVAR,23,7.27,1,7,0
2016,28,El Rincon,11,SUBA,636,89.64,28,37,0
2017,28,El Rincon,11,SUBA,546,76.95,20,66,34
2018,28,El Rincon,11,SUBA,696,98.09,34,95,37
2019,28,El Rincon,11,SUBA,747,105.28,50,96,48
2020,28,El Rincon,11,SUBA,405,57.08,28,52,23
2016,30,Boyaca Real,10,ENGATIVA,480,105.86,21,43,0
2017,30,Boyaca Real,10,ENGATIVA,417,91.97,29,49,34
2018,30,Boyaca Real,10,ENGATIVA,565,124.61,22,61,18
2019,30,Boyaca Real,10,ENGATIVA,437,96.38,38,51,30
2020,30,Boyaca Real,10,ENGATIVA,240,52.93,11,39,14
2016,116,Alamos,10,ENGATIVA,52,25.99,5,2,0
2017,116,Alamos,10,ENGATIVA,62,30.99,6,6,6
2018,116,Alamos,10,ENGATIVA,141,70.47,8,16,10
2019,116,Alamos,10,ENGATIVA,91,45.48,9,6,9
2020,116,Alamos,10,ENGATIVA,45,22.49,0,9,2
2016,85,Bosa Central,07,BOSA,555,77.72,67,46,0
2017,85,Bosa Central,07,BOSA,715,100.13,64,79,6
2018,85,Bosa Central,07,BOSA,716,100.27,45,65,10
2019,85,Bosa Central,07,BOSA,766,107.27,63,68,14
2020,85,Bosa Central,07,BOSA,427,59.8,20,57,2
2016,42,Venecia,06,TUNJUELITO,164,24.72,10,21,0
2017,42,Venecia,06,TUNJUELITO,165,24.88,7,11,23
2018,42,Venecia,06,TUNJUELITO,534,80.51,32,47,11
2019,42,Venecia,06,TUNJUELITO,707,106.59,38,50,14
2020,42,Venecia,06,TUNJUELITO,339,51.11,20,29,8
2016,111,Puente Aranda,16,PUENTE ARANDA,115,32.29,2,7,0
2017,111,Puente Aranda,16,PUENTE ARANDA,80,22.46,2,11,3
2018,111,Puente Aranda,16,PUENTE ARANDA,267,74.97,5,13,14
2019,111,Puente Aranda,16,PUENTE ARANDA,380,106.69,8,18,19
2020,111,Puente Aranda,16,PUENTE ARANDA,149,41.84,3,4,1
2016,44,Americas,08,KENNEDY,243,63.83,11,20,0
2017,44,Americas,08,KENNEDY,279,73.29,9,41,6
2018,44,Americas,08,KENNEDY,350,91.94,15,31,15
2019,44,Americas,08,KENNEDY,308,80.91,15,50,11
2020,44,Americas,08,KENNEDY,188,49.39,10,29,3
2016,41,Muzu,16,PUENTE ARANDA,276,109.26,14,24,0
2017,41,Muzu,16,PUENTE ARANDA,273,108.07,8,35,25
2018,41,Muzu,16,PUENTE ARANDA,186,73.63,7,26,4
2019,41,Muzu,16,PUENTE ARANDA,166,65.71,6,26,1
2020,41,Muzu,16,PUENTE ARANDA,83,32.86,5,8,1
2016,40,Ciudad Montes,16,PUENTE ARANDA,378,84.9,24,31,0
2017,40,Ciudad Montes,16,PUENTE ARANDA,434,97.48,27,70,12
2018,40,Ciudad Montes,16,PUENTE ARANDA,421,94.56,17,58,17
2019,40,Ciudad Montes,16,PUENTE ARANDA,322,72.32,7,50,24
2020,40,Ciudad Montes,16,PUENTE ARANDA,261,58.62,12,25,8
2016,34,20 De Julio,04,SAN CRISTOBAL,302,115.12,29,17,0
2017,34,20 De Julio,04,SAN CRISTOBAL,258,98.35,18,22,9
2018,34,20 De Julio,04,SAN CRISTOBAL,385,146.76,21,31,5
2019,34,20 De Julio,04,SAN CRISTOBAL,451,171.92,19,41,14
2020,34,20 De Julio,04,SAN CRISTOBAL,207,78.91,16,17,8
2016,84,Bosa Occidental,07,BOSA,27,6.28,2,2,0
2017,84,Bosa Occidental,07,BOSA,18,4.19,1,4,1
2018,84,Bosa Occidental,07,BOSA,506,117.66,51,91,5
2019,84,Bosa Occidental,07,BOSA,700,162.78,75,79,4
2020,84,Bosa Occidental,07,BOSA,355,82.55,29,47,3
2016,32,San Blas,04,SAN CRISTOBAL,312,78.06,14,27,0
2017,32,San Blas,04,SAN CRISTOBAL,267,66.8,25,34,15
2018,32,San Blas,04,SAN CRISTOBAL,497,124.34,30,36,23
2019,32,San Blas,04,SAN CRISTOBAL,493,123.34,33,34,20
2020,32,San Blas,04,SAN CRISTOBAL,301,75.3,21,28,8
2016,95,Las Cruces,03,SANTA FE,673,729.14,55,39,0
2017,95,Las Cruces,03,SANTA FE,696,754.06,40,58,11
2018,95,Las Cruces,03,SANTA FE,272,294.69,37,14,3
2019,95,Las Cruces,03,SANTA FE,144,156.01,12,14,1
2020,95,Las Cruces,03,SANTA FE,105,113.76,16,10,0
2016,87,Tintal Sur,07,BOSA,213,36.95,32,19,0
2017,87,Tintal Sur,07,BOSA,220,38.16,22,25,1
2018,87,Tintal Sur,07,BOSA,175,30.36,20,14,0
2019,87,Tintal Sur,07,BOSA,228,39.55,55,20,7
2020,87,Tintal Sur,07,BOSA,136,23.59,44,15,5
2016,117,Aeropuerto El Dorado,09,FONTIBON,24,3.23,1,0,0
2017,117,Aeropuerto El Dorado,09,FONTIBON,27,3.64,3,0,0
2018,117,Aeropuerto El Dorado,09,FONTIBON,24,3.23,1,5,0
2019,117,Aeropuerto El Dorado,09,FONTIBON,55,7.41,3,6,5
2020,117,Aeropuerto El Dorado,09,FONTIBON,16,2.15,1,2,0
2016,77,Zona Franca,09,FONTIBON,155,31.56,11,7,0
2017,77,Zona Franca,09,FONTIBON,171,34.81,8,7,8
2018,77,Zona Franca,09,FONTIBON,154,31.35,13,14,3
2019,77,Zona Franca,09,FONTIBON,189,38.48,24,27,5
2020,77,Zona Franca,09,FONTIBON,120,24.43,12,12,1
2016,54,Marruecos,18,RAFAEL URIBE URIBE,197,54.33,30,16,0
2017,54,Marruecos,18,RAFAEL URIBE URIBE,181,49.92,12,14,9
2018,54,Marruecos,18,RAFAEL URIBE URIBE,251,69.22,25,25,5
2019,54,Marruecos,18,RAFAEL URIBE URIBE,275,75.84,25,39,5
2020,54,Marruecos,18,RAFAEL URIBE URIBE,152,41.92,15,21,12
2016,39,Quiroga,18,RAFAEL URIBE URIBE,561,147.91,29,44,0
2017,39,Quiroga,18,RAFAEL URIBE URIBE,606,159.78,16,42,14
2018,39,Quiroga,18,RAFAEL URIBE URIBE,594,156.61,31,51,10
2019,39,Quiroga,18,RAFAEL URIBE URIBE,465,122.6,26,45,20
2020,39,Quiroga,18,RAFAEL URIBE URIBE,343,90.43,20,50,5
2018,62,Tunjuelito,06,TUNJUELITO,170,51.99,12,20,7
2019,62,Tunjuelito,06,TUNJUELITO,247,75.54,25,22,3
2020,62,Tunjuelito,06,TUNJUELITO,164,50.15,21,11,5
2016,53,Marco Fidel Suarez,18,RAFAEL URIBE URIBE,122,66.16,14,3,0
2017,53,Marco Fidel Suarez,18,RAFAEL URIBE URIBE,119,64.54,14,10,2
2018,53,Marco Fidel Suarez,18,RAFAEL URIBE URIBE,175,94.91,15,12,1
2019,53,Marco Fidel Suarez,18,RAFAEL URIBE URIBE,172,93.28,34,15,6
2020,53,Marco Fidel Suarez,18,RAFAEL URIBE URIBE,95,51.52,13,16,4
2016,69,Ismael Perdomo,19,CIUDAD BOLIVAR,348,62.2,50,12,0
2017,69,Ismael Perdomo,19,CIUDAD BOLIVAR,284,50.76,25,15,2
2018,69,Ismael Perdomo,19,CIUDAD BOLIVAR,437,78.11,38,22,10
2019,69,Ismael Perdomo,19,CIUDAD BOLIVAR,494,88.3,52,52,7
2020,69,Ismael Perdomo,19,CIUDAD BOLIVAR,294,52.55,21,42,8
2017,1,Paseo De Los Libertadores,01,USAQUEN,1,0.16,0,0,1
2018,1,Paseo De Los Libertadores,01,USAQUEN,93,14.75,3,3,8
2019,1,Paseo De Los Libertadores,01,USAQUEN,104,16.5,3,2,18
2020,1,Paseo De Los Libertadores,01,USAQUEN,34,5.39,3,2,3
2016,46,Castilla,08,KENNEDY,421,83.73,36,41,0
2017,46,Castilla,08,KENNEDY,369,73.39,19,32,11
2018,46,Castilla,08,KENNEDY,372,73.99,18,65,20
2019,46,Castilla,08,KENNEDY,515,102.43,41,61,13
2020,46,Castilla,08,KENNEDY,281,55.89,24,59,13
2016,112,Granjas De Techo,09,FONTIBON,410,85.91,6,12,0
2017,112,Granjas De Techo,09,FONTIBON,456,95.55,16,17,12
2018,112,Granjas De Techo,09,FONTIBON,451,94.51,17,27,13
2019,112,Granjas De Techo,09,FONTIBON,441,92.41,11,34,5
2020,112,Granjas De Techo,09,FONTIBON,449,94.09,6,22,8
2016,25,La Floresta,11,SUBA,423,107.59,23,34,0
2017,25,La Floresta,11,SUBA,409,104.03,20,46,44
2018,25,La Floresta,11,SUBA,244,62.06,7,32,16
2019,25,La Floresta,11,SUBA,229,58.25,18,29,25
2020,25,La Floresta,11,SUBA,103,26.2,6,15,5
2016,97,Chico Lago,02,CHAPINERO,462,109.45,39,17,0
2017,97,Chico Lago,02,CHAPINERO,444,105.19,33,17,25
2018,97,Chico Lago,02,CHAPINERO,690,163.46,31,88,63
2019,97,Chico Lago,02,CHAPINERO,703,166.54,37,88,76
2020,97,Chico Lago,02,CHAPINERO,322,76.28,19,44,40
2016,98,Los Alcazares,12,BARRIOS UNIDOS,848,204.98,35,47,0
2017,98,Los Alcazares,12,BARRIOS UNIDOS,743,179.6,31,75,91
2018,98,Los Alcazares,12,BARRIOS UNIDOS,425,102.73,28,45,29
2019,98,Los Alcazares,12,BARRIOS UNIDOS,364,87.99,24,55,16
2020,98,Los Alcazares,12,BARRIOS UNIDOS,231,55.84,13,28,5
2018,96,Lourdes,03,SANTA FE,214,107.01,17,10,19
2019,96,Lourdes,03,SANTA FE,264,132.01,21,18,19
2020,96,Lourdes,03,SANTA FE,211,105.51,19,12,5
2016,92,La Macarena,03,SANTA FE,214,249.33,15,30,0
2017,92,La Macarena,03,SANTA FE,180,209.72,16,14,10
2018,92,La Macarena,03,SANTA FE,225,262.15,6,10,21
2019,92,La Macarena,03,SANTA FE,206,240.01,10,19,17
2020,92,La Macarena,03,SANTA FE,110,128.16,6,12,10
2016,94,La Candelaria,17,CANDELARIA,412,200.14,27,50,0
2017,94,La Candelaria,17,CANDELARIA,426,206.94,39,61,3
2018,94,La Candelaria,17,CANDELARIA,593,288.06,28,43,28
2019,94,La Candelaria,17,CANDELARIA,686,333.24,23,47,22
2020,94,La Candelaria,17,CANDELARIA,221,107.35,12,16,6
2016,78,Tintal Norte,08,KENNEDY,73,21.28,9,3,0
2017,78,Tintal Norte,08,KENNEDY,87,25.36,2,7,7
2018,78,Tintal Norte,08,KENNEDY,61,17.78,5,8,2
2019,78,Tintal Norte,08,KENNEDY,122,35.56,17,19,0
2020,78,Tintal Norte,08,KENNEDY,50,14.57,5,5,2
2018,9,Verbenal,01,USAQUEN,280,78.76,23,30,12
2019,9,Verbenal,01,USAQUEN,313,88.05,19,43,23
2020,9,Verbenal,01,USAQUEN,200,56.26,13,25,23
2016,113,Bavaria,08,KENNEDY,252,90.97,7,11,0
2017,113,Bavaria,08,KENNEDY,280,101.08,7,13,6
2018,113,Bavaria,08,KENNEDY,221,79.78,12,19,8
2019,113,Bavaria,08,KENNEDY,152,54.87,6,21,7
2020,113,Bavaria,08,KENNEDY,100,36.1,3,18,2
2016,81,Gran Britalia,08,KENNEDY,141,78.44,16,13,0
2017,81,Gran Britalia,08,KENNEDY,140,77.88,11,17,0
2018,81,Gran Britalia,08,KENNEDY,183,101.8,15,33,8
2019,81,Gran Britalia,08,KENNEDY,120,66.76,9,25,6
2020,81,Gran Britalia,08,KENNEDY,86,47.84,2,15,3
