fuente,chequeo,resultado,severidad
IRUPZ.geojson,n_registros,117,info
IRUPZ.geojson,tipo_geometria,"['Polygon', 'MultiPolygon', nan]",info
IRUPZ.geojson,crs,EPSG:4686,info
IRUPZ.geojson,geometrias_invalidas,1/117 (0.9%),warning
IRUPZ.geojson,geometrias_nulas,1,warning
IRUPZ.geojson,filas_duplicadas_por_atributos,0,ok
IRUPZ.geojson,registros_fuera_de_bogota_bbox,1/117,warning
IRLoc.geojson,n_registros,21,info
IRLoc.geojson,tipo_geometria,"['Polygon', nan]",info
IRLoc.geojson,crs,EPSG:4686,info
IRLoc.geojson,geometrias_invalidas,1/21 (4.8%),warning
IRLoc.geojson,geometrias_nulas,1,warning
IRLoc.geojson,filas_duplicadas_por_atributos,0,ok
IRLoc.geojson,registros_fuera_de_bogota_bbox,1/21,warning
DAILoc.geojson,n_registros,21,info
DAILoc.geojson,tipo_geometria,"['Polygon', nan]",info
DAILoc.geojson,crs,EPSG:4686,info
DAILoc.geojson,geometrias_invalidas,1/21 (4.8%),warning
DAILoc.geojson,geometrias_nulas,1,warning
DAILoc.geojson,filas_duplicadas_por_atributos,0,ok
DAILoc.geojson,registros_fuera_de_bogota_bbox,1/21,warning
cestas.geojson,n_registros,101162,info
cestas.geojson,tipo_geometria,['Point'],info
cestas.geojson,crs,EPSG:3857,info
cestas.geojson,geometrias_invalidas,0/101162 (0.0%),ok
cestas.geojson,geometrias_nulas,0,ok
cestas.geojson,filas_duplicadas_por_atributos,0,ok
cestas.geojson,columnas_con_mas_nulos,{'SERIAL': '100.0%'},info
cestas.geojson,registros_fuera_de_bogota_bbox,0/101162,ok
contenerizacion.geojson,n_registros,11167,info
contenerizacion.geojson,tipo_geometria,['Point'],info
contenerizacion.geojson,crs,EPSG:3857,info
contenerizacion.geojson,geometrias_invalidas,0/11167 (0.0%),ok
contenerizacion.geojson,geometrias_nulas,0,ok
contenerizacion.geojson,filas_duplicadas_por_atributos,1,warning
contenerizacion.geojson,columnas_con_mas_nulos,"{'SERIAL': '100.0%', 'FECHAINSTA': '54.2%'}",info
contenerizacion.geojson,registros_fuera_de_bogota_bbox,0/11167,ok
puntos_criticos_arrojo_clandestino_residuos.geojson,n_registros,478,info
puntos_criticos_arrojo_clandestino_residuos.geojson,tipo_geometria,['Point'],info
puntos_criticos_arrojo_clandestino_residuos.geojson,crs,EPSG:4326,info
puntos_criticos_arrojo_clandestino_residuos.geojson,geometrias_invalidas,0/478 (0.0%),ok
puntos_criticos_arrojo_clandestino_residuos.geojson,geometrias_nulas,0,ok
puntos_criticos_arrojo_clandestino_residuos.geojson,filas_duplicadas_por_atributos,0,ok
puntos_criticos_arrojo_clandestino_residuos.geojson,registros_fuera_de_bogota_bbox,0/478,ok
macrorutas_de_barrido.geojson,n_registros,179,info
macrorutas_de_barrido.geojson,tipo_geometria,['MultiPolygon'],info
macrorutas_de_barrido.geojson,crs,EPSG:4326,info
macrorutas_de_barrido.geojson,geometrias_invalidas,161/179 (89.9%),warning
macrorutas_de_barrido.geojson,geometrias_nulas,0,ok
macrorutas_de_barrido.geojson,filas_duplicadas_por_atributos,0,ok
macrorutas_de_barrido.geojson,registros_fuera_de_bogota_bbox,1/179,warning
ebom.geojson,n_registros,17,info
ebom.geojson,tipo_geometria,['Point'],info
ebom.geojson,crs,EPSG:4686,info
ebom.geojson,geometrias_invalidas,0/17 (0.0%),ok
ebom.geojson,geometrias_nulas,0,ok
ebom.geojson,filas_duplicadas_por_atributos,0,ok
ebom.geojson,registros_fuera_de_bogota_bbox,0/17,ok
cuadrantepolicia.geojson,n_registros,599,info
cuadrantepolicia.geojson,tipo_geometria,['Polygon'],info
cuadrantepolicia.geojson,crs,EPSG:4686,info
cuadrantepolicia.geojson,geometrias_invalidas,0/599 (0.0%),ok
cuadrantepolicia.geojson,geometrias_nulas,0,ok
cuadrantepolicia.geojson,filas_duplicadas_por_atributos,0,ok
cuadrantepolicia.geojson,registros_fuera_de_bogota_bbox,0/599,ok
RBL,esquema_2017,"{'archivo_muestra': 'data_set_noviembre_2017_rbl.csv', 'n_archivos_anio': 1, 'columnas_muestra': ['Ao/Mes Formato (dd-mmm-yy)', 'Operador y Zona', 'Residuos Recogidos Domiciliarios (t/mes)', 'Residuos de Recogidos de Barrido (t/mes)', 'Residuos de Recogidos de Corte Csped (t/mes)', 'Residuos de Recogidos de Grandes Generadores (t/mes)', 'Residuos Mixtos Recogidos - (Ordinarios y Escombros) (t/mes)', 'Residuos de Recogidos de Poda rboles (t/mes)', 'Total Residuos Recogidos (t/mes)']}",info
RBL,esquema_2018,"{'archivo_muestra': 'agosto-2018-rbl-residuos.csv', 'n_archivos_anio': 13, 'columnas_muestra': ['ASE y Concesionario', 'Residuos Recogidos Domiciliarios (toneladas/mes)', 'Residuos de Recogidos de Barrido (toneladas/mes)', 'Residuos de Recogidos de Corte Cesped (toneladas/mes)', 'Residuos de Recogidos de Grandes Generadores (toneladas/mes)', 'Actividades Complementarias  - Voluminosos', 'Residuos Mixtos Recogidos - (Ordinarios y Escombros) (toneladas/mes)', 'Residuos de Recogidos de Poda arboles (toneladas/mes)', 'Total Residuos Recogidos (toneladas/mes)']}",info
RBL,esquema_2019,"{'archivo_muestra': 'agosto-2019-rbl-residuos.csv', 'n_archivos_anio': 9, 'columnas_muestra': ['Ano/Mes Formato (dd-mmm-yy)', 'ASE y Concesionario', 'Residuos Recogidos Domiciliarios (toneladas/mes)', 'Residuos de Recogidos de Barrido (toneladas/mes)', 'Residuos de Recogidos de Corte Csped (toneladas/mes)', 'Residuos de Recogidos de Grandes Generadores (toneladas/mes)', 'Residuos Domiciliarios especiales', 'Recoleccion de Arrojo Clandestino (Atencion criticos clandestinos y otros1077, recoleccion residuos voluminosos, residuos clandestinos indisciplinados)', 'Residuos de Recogidos de Poda arboles (toneladas/mes)', 'Total Residuos Recogidos (toneladas/mes)']}",info
RBL,esquema_2020,"{'archivo_muestra': '2015-2020-rbl-residuos-.csv', 'n_archivos_anio': 5, 'columnas_muestra': ['ao', 'Residuos Recogidos Domiciliarios (t/ao)', 'Residuos de Recogidos de Barrido (t/ao)', 'Residuos de Recogidos de Corte Csped (t/ao)', 'Residuos de Recogidos de Grandes Generadores (t/ao)', 'Residuos Domiciliarios especiales', 'Residuos Mixtos Recogidos - (Ordinarios y Escombros) (t/ao)', 'Residuos de Recogidos de Poda rboles (t/ao)', 'Total Residuos Recogidos (t/ao)']}",info
RBL,esquema_2021,"{'archivo_muestra': 'data-set-abril.xlsx', 'n_archivos_anio': 9, 'columnas_muestra': ['Ano/Mes Formato (dd-mmm-yy)', 'Area de Servicio Exclusivo y Concesionario', 'Residuos Recogidos Domiciliarios (toneladas/mes)', 'Residuos de Recogidos de Barrido (toneladas/mes)', 'Residuos de Recogidos de Corte Cesped (toneladas/mes)', 'Residuos de Recogidos de Grandes Generadores (toneladas /mes)', 'Residuos Domiciliarios especiales', 'Recoleccion de Arrojo Clandestino (Atencion criticos clandestinos y otros1077, recoleccion residuos voluminosos, residuos clandestinos indisciplinados)', 'Residuos de Recogidos de Poda arboles (toneladas/mes)', 'Total Residuos Recogidos (toneladas/mes)']}",info
RBL,esquema_2022,"{'archivo_muestra': 'data-set-abril-2022.xlsx', 'n_archivos_anio': 11, 'columnas_muestra': ['Ano/Mes Formato (dd-mmm-yy)', 'Area de Servicio Exclusivo y Concesionario', 'Residuos Recogidos Domiciliarios (toneladas/mes)', 'Residuos de Recogidos de Barrido (toneladas/mes)', 'Residuos de Recogidos de Corte Cesped (toneladas/mes)', 'Residuos de Recogidos de Grandes Generadores (toneladas /mes)', 'Residuos Domiciliarios especiales', 'Recoleccion de Arrojo Clandestino (Atencion criticos clandestinos y otros1077, recoleccion residuos voluminosos, residuos clandestinos indisciplinados)', 'Residuos de Recogidos de Poda arboles (toneladas/mes)', 'Total Residuos Recogidos (toneladas/mes)']}",info
RBL,esquema_2023,"{'archivo_muestra': 'data-set-abril-2023.xlsx', 'n_archivos_anio': 10, 'columnas_muestra': ['Año/Mes Formato (dd-mmm-yy)', 'ASE y Concesionario', 'Residuos Recogidos Domiciliarios (t/mes)', 'Residuos de Recogidos de Barrido (t/mes)', 'Residuos de Recogidos de Corte Césped (t/mes)', 'Residuos de Recogidos de Grandes Generadores (t/mes)', 'Residuos Domiciliarios especiales', 'Recolección de Arrojo Clandestino (Atención críticos clandestinos y otros1077, recolección residuos voluminosos, residuos clandestinos indisciplinados)', 'Residuos de arrojo clandestino en punto limpio', 'Residuos de Recogidos de Poda Árboles (t/mes)', 'Total Residuos Recogidos (t/mes)', 'Total Residuos Recogidos (t/mes) + Total residuos de arrojo clandestino en Punto Limpio']}",info
RBL,esquema_2024,"{'archivo_muestra': 'data-set-abril-2024.xlsx', 'n_archivos_anio': 12, 'columnas_muestra': ['Año/Mes Formato (dd-mmm-yy)', 'ASE y Concesionario', 'Residuos Recogidos Domiciliarios (t/mes)', 'Residuos de Recogidos de Barrido (t/mes)', 'Residuos de Recogidos de Corte Césped (t/mes)', 'Residuos de Recogidos de Grandes Generadores (t/mes)', 'Residuos Domiciliarios especiales', 'Recolección de Arrojo Clandestino (Atención críticos clandestinos y otros1077, recolección residuos voluminosos, residuos clandestinos indisciplinados)', 'Residuos de arrojo clandestino en punto limpio', 'Residuos de Recogidos de Poda Árboles (t/mes)', 'Total Residuos Recogidos (t/mes)']}",info
RBL,esquema_2025,"{'archivo_muestra': 'data-set-abril-2025-srbl.xlsx', 'n_archivos_anio': 12, 'columnas_muestra': ['Año/Mes Formato (dd-mmm-yy)', 'ASE y Concesionario', 'Residuos Recogidos Domiciliarios (t/mes)', 'Residuos de Recogidos de Barrido (t/mes)', 'Residuos de Recogidos de Corte Césped (t/mes)', 'Residuos de Recogidos de Grandes Generadores (t/mes)', 'Residuos Domiciliarios especiales', 'Recolección de Arrojo Clandestino (Atención críticos clandestinos y otros1077, recolección residuos voluminosos, residuos clandestinos indisciplinados)', 'Residuos de Recogidos de Poda Árboles (t/mes)', 'Total Residuos Recogidos (t/mes)']}",info
RBL,esquema_2026,"{'archivo_muestra': 'data-_set_abril_2026_srbl.xlsx', 'n_archivos_anio': 5, 'columnas_muestra': ['Año/Mes Formato (dd-mmm-yy)', 'ASE y Concesionario', 'Residuos Recogidos Domiciliarios (t/mes)', 'Residuos de Recogidos de Barrido (t/mes)', 'Residuos de Recogidos de Corte Césped (t/mes)', 'Residuos de Recogidos de Grandes Generadores (t/mes)', 'Residuos Domiciliarios especiales', 'Recolección de Arrojo Clandestino (Atención críticos clandestinos y otros1077, recolección residuos voluminosos, residuos clandestinos indisciplinados)', 'Residuos de Recogidos de Poda Árboles (t/mes)', 'Total Residuos Recogidos (t/mes)']}",info
RBL,diferencia_esquema_2017_vs_2018,"['Residuos de Recogidos de Poda rboles (t/mes)', 'ASE y Concesionario', 'Residuos de Recogidos de Corte Cesped (toneladas/mes)', 'Residuos de Recogidos de Grandes Generadores (toneladas/mes)', 'Residuos Recogidos Domiciliarios (toneladas/mes)', 'Operador y Zona', 'Residuos de Recogidos de Barrido (t/mes)', 'Residuos de Recogidos de Poda arboles (toneladas/mes)', 'Ao/Mes Formato (dd-mmm-yy)', 'Residuos Recogidos Domiciliarios (t/mes)', 'Residuos de Recogidos de Corte Csped (t/mes)', 'Residuos de Recogidos de Barrido (toneladas/mes)', 'Residuos de Recogidos de Grandes Generadores (t/mes)', 'Actividades Complementarias  - Voluminosos', 'Total Residuos Recogidos (toneladas/mes)', 'Total Residuos Recogidos (t/mes)', 'Residuos Mixtos Recogidos - (Ordinarios y Escombros) (toneladas/mes)', 'Residuos Mixtos Recogidos - (Ordinarios y Escombros) (t/mes)']",warning
RBL,diferencia_esquema_2017_vs_2019,"['Operador y Zona', 'Residuos de Recogidos de Corte Csped (toneladas/mes)', 'Residuos de Recogidos de Poda rboles (t/mes)', 'Residuos de Recogidos de Poda arboles (toneladas/mes)', 'Residuos de Recogidos de Corte Csped (t/mes)', 'Residuos de Recogidos de Grandes Generadores (t/mes)', 'Residuos Recogidos Domiciliarios (t/mes)', 'Residuos Recogidos Domiciliarios (toneladas/mes)', 'Total Residuos Recogidos (toneladas/mes)', 'Total Residuos Recogidos (t/mes)', 'Residuos Mixtos Recogidos - (Ordinarios y Escombros) (t/mes)', 'ASE y Concesionario', 'Residuos Domiciliarios especiales', 'Residuos de Recogidos de Grandes Generadores (toneladas/mes)', 'Ano/Mes Formato (dd-mmm-yy)', 'Residuos de Recogidos de Barrido (t/mes)', 'Ao/Mes Formato (dd-mmm-yy)', 'Residuos de Recogidos de Barrido (toneladas/mes)', 'Recoleccion de Arrojo Clandestino (Atencion criticos clandestinos y otros1077, recoleccion residuos voluminosos, residuos clandestinos indisciplinados)']",warning
RBL,diferencia_esquema_2017_vs_2020,"['Residuos de Recogidos de Poda rboles (t/mes)', 'Residuos Domiciliarios especiales', 'Operador y Zona', 'Residuos de Recogidos de Barrido (t/mes)', 'Residuos Mixtos Recogidos - (Ordinarios y Escombros) (t/mes)', 'Residuos de Recogidos de Barrido (t/ao)', 'Residuos de Recogidos de Corte Csped (t/ao)', 'Ao/Mes Formato (dd-mmm-yy)', 'Residuos Recogidos Domiciliarios (t/mes)', 'ao', 'Residuos de Recogidos de Corte Csped (t/mes)', 'Residuos de Recogidos de Poda rboles (t/ao)', 'Residuos Mixtos Recogidos - (Ordinarios y Escombros) (t/ao)', 'Residuos de Recogidos de Grandes Generadores (t/mes)', 'Residuos Recogidos Domiciliarios (t/ao)', 'Residuos de Recogidos de Grandes Generadores (t/ao)', 'Total Residuos Recogidos (t/mes)', 'Total Residuos Recogidos (t/ao)']",warning
RBL,diferencia_esquema_2017_vs_2021,"['Operador y Zona', 'Residuos de Recogidos de Grandes Generadores (toneladas /mes)', 'Residuos de Recogidos de Poda rboles (t/mes)', 'Residuos de Recogidos de Poda arboles (toneladas/mes)', 'Area de Servicio Exclusivo y Concesionario', 'Residuos de Recogidos de Corte Csped (t/mes)', 'Residuos de Recogidos de Grandes Generadores (t/mes)', 'Residuos Recogidos Domiciliarios (t/mes)', 'Residuos Recogidos Domiciliarios (toneladas/mes)', 'Total Residuos Recogidos (toneladas/mes)', 'Total Residuos Recogidos (t/mes)', 'Residuos Mixtos Recogidos - (Ordinarios y Escombros) (t/mes)', 'Residuos de Recogidos de Corte Cesped (toneladas/mes)', 'Residuos Domiciliarios especiales', 'Ano/Mes Formato (dd-mmm-yy)', 'Residuos de Recogidos de Barrido (t/mes)', 'Ao/Mes Formato (dd-mmm-yy)', 'Residuos de Recogidos de Barrido (toneladas/mes)', 'Recoleccion de Arrojo Clandestino (Atencion criticos clandestinos y otros1077, recoleccion residuos voluminosos, residuos clandestinos indisciplinados)']",warning
RBL,diferencia_esquema_2017_vs_2022,"['Operador y Zona', 'Residuos de Recogidos de Grandes Generadores (toneladas /mes)', 'Residuos de Recogidos de Poda rboles (t/mes)', 'Residuos de Recogidos de Poda arboles (toneladas/mes)', 'Area de Servicio Exclusivo y Concesionario', 'Residuos de Recogidos de Corte Csped (t/mes)', 'Residuos de Recogidos de Grandes Generadores (t/mes)', 'Residuos Recogidos Domiciliarios (t/mes)', 'Residuos Recogidos Domiciliarios (toneladas/mes)', 'Total Residuos Recogidos (toneladas/mes)', 'Total Residuos Recogidos (t/mes)', 'Residuos Mixtos Recogidos - (Ordinarios y Escombros) (t/mes)', 'Residuos de Recogidos de Corte Cesped (toneladas/mes)', 'Residuos Domiciliarios especiales', 'Ano/Mes Formato (dd-mmm-yy)', 'Residuos de Recogidos de Barrido (t/mes)', 'Ao/Mes Formato (dd-mmm-yy)', 'Residuos de Recogidos de Barrido (toneladas/mes)', 'Recoleccion de Arrojo Clandestino (Atencion criticos clandestinos y otros1077, recoleccion residuos voluminosos, residuos clandestinos indisciplinados)']",warning
RBL,diferencia_esquema_2017_vs_2023,"['Residuos de Recogidos de Poda Árboles (t/mes)', 'ASE y Concesionario', 'Residuos Domiciliarios especiales', 'Total Residuos Recogidos (t/mes) + Total residuos de arrojo clandestino en Punto Limpio', 'Residuos de Recogidos de Poda rboles (t/mes)', 'Año/Mes Formato (dd-mmm-yy)', 'Operador y Zona', 'Recolección de Arrojo Clandestino (Atención críticos clandestinos y otros1077, recolección residuos voluminosos, residuos clandestinos indisciplinados)', 'Ao/Mes Formato (dd-mmm-yy)', 'Residuos de Recogidos de Corte Césped (t/mes)', 'Residuos de Recogidos de Corte Csped (t/mes)', 'Residuos de arrojo clandestino en punto limpio', 'Residuos Mixtos Recogidos - (Ordinarios y Escombros) (t/mes)']",warning
RBL,diferencia_esquema_2017_vs_2024,"['Residuos de Recogidos de Poda Árboles (t/mes)', 'ASE y Concesionario', 'Residuos Domiciliarios especiales', 'Residuos de Recogidos de Poda rboles (t/mes)', 'Año/Mes Formato (dd-mmm-yy)', 'Operador y Zona', 'Recolección de Arrojo Clandestino (Atención críticos clandestinos y otros1077, recolección residuos voluminosos, residuos clandestinos indisciplinados)', 'Ao/Mes Formato (dd-mmm-yy)', 'Residuos de Recogidos de Corte Césped (t/mes)', 'Residuos de Recogidos de Corte Csped (t/mes)', 'Residuos de arrojo clandestino en punto limpio', 'Residuos Mixtos Recogidos - (Ordinarios y Escombros) (t/mes)']",warning
RBL,diferencia_esquema_2017_vs_2025,"['Residuos de Recogidos de Poda Árboles (t/mes)', 'ASE y Concesionario', 'Residuos Domiciliarios especiales', 'Residuos de Recogidos de Poda rboles (t/mes)', 'Año/Mes Formato (dd-mmm-yy)', 'Operador y Zona', 'Recolección de Arrojo Clandestino (Atención críticos clandestinos y otros1077, recolección residuos voluminosos, residuos clandestinos indisciplinados)', 'Ao/Mes Formato (dd-mmm-yy)', 'Residuos de Recogidos de Corte Césped (t/mes)', 'Residuos de Recogidos de Corte Csped (t/mes)', 'Residuos Mixtos Recogidos - (Ordinarios y Escombros) (t/mes)']",warning
RBL,diferencia_esquema_2017_vs_2026,"['Residuos de Recogidos de Poda Árboles (t/mes)', 'ASE y Concesionario', 'Residuos Domiciliarios especiales', 'Residuos de Recogidos de Poda rboles (t/mes)', 'Año/Mes Formato (dd-mmm-yy)', 'Operador y Zona', 'Recolección de Arrojo Clandestino (Atención críticos clandestinos y otros1077, recolección residuos voluminosos, residuos clandestinos indisciplinados)', 'Ao/Mes Formato (dd-mmm-yy)', 'Residuos de Recogidos de Corte Césped (t/mes)', 'Residuos de Recogidos de Corte Csped (t/mes)', 'Residuos Mixtos Recogidos - (Ordinarios y Escombros) (t/mes)']",warning
UAECOB,n_columnas_2016,33,info
UAECOB,duplicados_muestra_2016,1,warning
UAECOB,n_columnas_2017,33,info
UAECOB,duplicados_muestra_2017,1,warning
UAECOB,n_columnas_2018,35,info
UAECOB,duplicados_muestra_2018,0,ok
UAECOB,n_columnas_2019,42,info
UAECOB,duplicados_muestra_2019,1,warning
UAECOB,n_columnas_2020,42,info
UAECOB,duplicados_muestra_2020,0,ok
UAECOB,diferencia_esquema_2016_vs_2018,"['HERIDOS HOMBRES', 'HERIDOS MENORES', 'HERIDOS MUJERES', 'HOMBRES AFECTADOS', 'HOMBRES EXPUESTOS', 'HOMBRES HERIDOS', 'HOMBRES RESCATADOS', 'HOMBRES SIN SIGNOS', 'Hora reporte', 'MENORES AFECTADOS', 'MENORES EXPUESTOS', 'MENORES HERIDOS', 'MENORES RESCATADOS', 'MENORES SIN SIGNOS', 'MUJERES AFECTADAS', 'MUJERES EXPUESTAS', 'MUJERES HERIDAS', 'MUJERES RESCATADAS', 'MUJERES SIN SIGNOS', 'NUMERO SERVICIO', 'POBLA. AFEC.HOMBRES', 'POBLA. AFEC.MENORES', 'POBLA. AFEC.MUJERES', 'POBLA. EXPU.HOMBRES', 'POBLA. EXPU.MENORES', 'POBLA. EXPU.MUJERES', 'RESCA.HOMBRES', 'RESCA.MENORES', 'RESCA.MUJERES', 'SIN SIGNOSHOMBRES', 'SIN SIGNOSMENORES', 'SIN SIGNOSMUJERES']",warning
UAECOB,diferencia_esquema_2016_vs_2019,"['ESTACION', 'ESTACIÓN', 'LATITUD', 'LONGITUD', 'MENORES AFECTADOS', 'MENORES EXPUESTOS', 'MENORES HERIDOS', 'MENORES NIÑAS AFECTADAS', 'MENORES NIÑAS EXPUESTAS', 'MENORES NIÑAS HERIDAS', 'MENORES NIÑAS RESCATADAS', 'MENORES NIÑAS SIN SIGNOS', 'MENORES NIÑOS AFECTADOS', 'MENORES NIÑOS EXPUESTOS', 'MENORES NIÑOS HERIDOS', 'MENORES NIÑOS RESCATADOS', 'MENORES NIÑOS SIN SIGNOS', 'MENORES RESCATADOS', 'MENORES SIN SIGNOS', 'NUMERO SERVICIO', 'NÚMERO SERVICIO']",warning
Esoc.csv,n_registros,2988992,info
Esoc.csv,ESoCLote_duplicados,2063250,warning
Esoc.csv,estrato_fuera_de_rango_0_6,0,ok
Esoc.csv,distribucion_estrato,"{0: 957149, 1: 144690, 2: 639149, 3: 716007, 4: 341568, 5: 107881, 6: 82548}",info
manzanaestratificacion.json,n_registros,44260,info
manzanaestratificacion.json,tipo_geometria,"['Polygon', 'MultiPolygon']",info
manzanaestratificacion.json,crs,PCS_CarMAGBOG,info
manzanaestratificacion.json,crs_es_local_no_estandar,"Sí -- PCS_CarMAGBOG (proyección cartesiana local de Bogotá, no un EPSG con nombre estándar; pyproj sí puede reproyectarla desde el WKT completo)",warning
manzanaestratificacion.json,geometrias_invalidas,3/44260 (0.01%),warning
manzanaestratificacion.json,geometrias_nulas,0,ok
manzanaestratificacion.json,filas_duplicadas_por_atributos,0,ok
manzanaestratificacion.json,estrato_fuera_de_rango_0_6,0,ok
manzanaestratificacion.json,estrato_0_o_nulo_sin_estratificar,"5110/44260 (11.5%) -- manzanas comerciales/industriales/institucionales, correctamente excluidas en Silver",info
manzanaestratificacion.json,CODIGO_MANZANA_duplicados,0,ok
manzanaestratificacion.json,cobertura_temporal_captura,2025-10-29 00:00:00+00:00 a 2025-10-29 00:00:00+00:00,info
