year,geography_level,geography_id,variable,value
2017,UPZ,1.0,emergencies,1.0
2018,UPZ,1.0,emergencies,93.0
2019,UPZ,1.0,emergencies,104.0
2020,UPZ,1.0,emergencies,34.0
2016,UPZ,2.0,emergencies,40.0
2017,UPZ,2.0,emergencies,25.0
2018,UPZ,2.0,emergencies,79.0
2019,UPZ,2.0,emergencies,20.0
2020,UPZ,2.0,emergencies,4.0
2016,UPZ,3.0,emergencies,1.0
2017,UPZ,3.0,emergencies,2.0
2018,UPZ,3.0,emergencies,46.0
2019,UPZ,3.0,emergencies,95.0
2020,UPZ,3.0,emergencies,37.0
2018,UPZ,9.0,emergencies,280.0
2019,UPZ,9.0,emergencies,313.0
2020,UPZ,9.0,emergencies,200.0
2016,UPZ,10.0,emergencies,357.0
2017,UPZ,10.0,emergencies,369.0
2018,UPZ,10.0,emergencies,160.0
2019,UPZ,10.0,emergencies,166.0
2020,UPZ,10.0,emergencies,117.0
2016,UPZ,11.0,emergencies,99.0
2017,UPZ,11.0,emergencies,72.0
2018,UPZ,11.0,emergencies,234.0
2019,UPZ,11.0,emergencies,266.0
2020,UPZ,11.0,emergencies,143.0
2016,UPZ,12.0,emergencies,273.0
2017,UPZ,12.0,emergencies,203.0
2018,UPZ,12.0,emergencies,291.0
2019,UPZ,12.0,emergencies,234.0
2020,UPZ,12.0,emergencies,174.0
2016,UPZ,13.0,emergencies,204.0
2017,UPZ,13.0,emergencies,225.0
2018,UPZ,13.0,emergencies,677.0
2019,UPZ,13.0,emergencies,849.0
2020,UPZ,13.0,emergencies,457.0
2016,UPZ,14.0,emergencies,908.0
2017,UPZ,14.0,emergencies,757.0
2018,UPZ,14.0,emergencies,516.0
2019,UPZ,14.0,emergencies,431.0
2020,UPZ,14.0,emergencies,158.0
2016,UPZ,15.0,emergencies,439.0
2017,UPZ,15.0,emergencies,410.0
2018,UPZ,15.0,emergencies,214.0
2019,UPZ,15.0,emergencies,174.0
2020,UPZ,15.0,emergencies,92.0
2016,UPZ,16.0,emergencies,173.0
2017,UPZ,16.0,emergencies,170.0
2018,UPZ,16.0,emergencies,430.0
2019,UPZ,16.0,emergencies,581.0
2020,UPZ,16.0,emergencies,228.0
2016,UPZ,17.0,emergencies,528.0
2017,UPZ,17.0,emergencies,467.0
2018,UPZ,17.0,emergencies,419.0
2019,UPZ,17.0,emergencies,334.0
2020,UPZ,17.0,emergencies,141.0
2016,UPZ,18.0,emergencies,545.0
2017,UPZ,18.0,emergencies,593.0
2018,UPZ,18.0,emergencies,371.0
2019,UPZ,18.0,emergencies,483.0
2020,UPZ,18.0,emergencies,225.0
2016,UPZ,19.0,emergencies,337.0
2017,UPZ,19.0,emergencies,314.0
2018,UPZ,19.0,emergencies,451.0
2019,UPZ,19.0,emergencies,468.0
2020,UPZ,19.0,emergencies,232.0
2016,UPZ,20.0,emergencies,495.0
2017,UPZ,20.0,emergencies,409.0
2018,UPZ,20.0,emergencies,278.0
2019,UPZ,20.0,emergencies,180.0
2020,UPZ,20.0,emergencies,131.0
2016,UPZ,21.0,emergencies,251.0
2017,UPZ,21.0,emergencies,240.0
2018,UPZ,21.0,emergencies,264.0
2019,UPZ,21.0,emergencies,274.0
2020,UPZ,21.0,emergencies,106.0
2016,UPZ,22.0,emergencies,245.0
2017,UPZ,22.0,emergencies,227.0
2018,UPZ,22.0,emergencies,322.0
2019,UPZ,22.0,emergencies,305.0
2020,UPZ,22.0,emergencies,165.0
2016,UPZ,23.0,emergencies,372.0
2017,UPZ,23.0,emergencies,328.0
2018,UPZ,23.0,emergencies,270.0
2019,UPZ,23.0,emergencies,206.0
2020,UPZ,23.0,emergencies,138.0
2016,UPZ,24.0,emergencies,210.0
2017,UPZ,24.0,emergencies,164.0
2018,UPZ,24.0,emergencies,462.0
2019,UPZ,24.0,emergencies,523.0
2020,UPZ,24.0,emergencies,228.0
2016,UPZ,25.0,emergencies,423.0
2017,UPZ,25.0,emergencies,409.0
2018,UPZ,25.0,emergencies,244.0
2019,UPZ,25.0,emergencies,229.0
2020,UPZ,25.0,emergencies,103.0
2016,UPZ,26.0,emergencies,228.0
2017,UPZ,26.0,emergencies,219.0
2018,UPZ,26.0,emergencies,608.0
2019,UPZ,26.0,emergencies,798.0
2020,UPZ,26.0,emergencies,308.0
2016,UPZ,27.0,emergencies,789.0
2017,UPZ,27.0,emergencies,709.0
2018,UPZ,27.0,emergencies,737.0
2019,UPZ,27.0,emergencies,644.0
2020,UPZ,27.0,emergencies,343.0
2016,UPZ,28.0,emergencies,636.0
2017,UPZ,28.0,emergencies,546.0
2018,UPZ,28.0,emergencies,696.0
2019,UPZ,28.0,emergencies,747.0
2020,UPZ,28.0,emergencies,405.0
2016,UPZ,29.0,emergencies,888.0
2017,UPZ,29.0,emergencies,902.0
2018,UPZ,29.0,emergencies,574.0
2019,UPZ,29.0,emergencies,364.0
2020,UPZ,29.0,emergencies,203.0
2016,UPZ,30.0,emergencies,480.0
2017,UPZ,30.0,emergencies,417.0
2018,UPZ,30.0,emergencies,565.0
2019,UPZ,30.0,emergencies,437.0
2020,UPZ,30.0,emergencies,240.0
2016,UPZ,31.0,emergencies,528.0
2017,UPZ,31.0,emergencies,402.0
2018,UPZ,31.0,emergencies,353.0
2019,UPZ,31.0,emergencies,238.0
2020,UPZ,31.0,emergencies,131.0
2016,UPZ,32.0,emergencies,312.0
2017,UPZ,32.0,emergencies,267.0
2018,UPZ,32.0,emergencies,497.0
2019,UPZ,32.0,emergencies,493.0
2020,UPZ,32.0,emergencies,301.0
2016,UPZ,33.0,emergencies,741.0
2017,UPZ,33.0,emergencies,521.0
2018,UPZ,33.0,emergencies,232.0
2019,UPZ,33.0,emergencies,280.0
2020,UPZ,33.0,emergencies,145.0
2016,UPZ,34.0,emergencies,302.0
2017,UPZ,34.0,emergencies,258.0
2018,UPZ,34.0,emergencies,385.0
2019,UPZ,34.0,emergencies,451.0
2020,UPZ,34.0,emergencies,207.0
2016,UPZ,35.0,emergencies,418.0
2017,UPZ,35.0,emergencies,325.0
2018,UPZ,35.0,emergencies,149.0
2019,UPZ,35.0,emergencies,112.0
2020,UPZ,35.0,emergencies,80.0
2016,UPZ,36.0,emergencies,131.0
2017,UPZ,36.0,emergencies,74.0
2018,UPZ,36.0,emergencies,203.0
2019,UPZ,36.0,emergencies,230.0
2020,UPZ,36.0,emergencies,141.0
2016,UPZ,37.0,emergencies,166.0
2017,UPZ,37.0,emergencies,167.0
2018,UPZ,37.0,emergencies,228.0
2019,UPZ,37.0,emergencies,187.0
2020,UPZ,37.0,emergencies,149.0
2016,UPZ,38.0,emergencies,247.0
2017,UPZ,38.0,emergencies,187.0
2018,UPZ,38.0,emergencies,633.0
2019,UPZ,38.0,emergencies,836.0
2020,UPZ,38.0,emergencies,365.0
2016,UPZ,39.0,emergencies,561.0
2017,UPZ,39.0,emergencies,606.0
2018,UPZ,39.0,emergencies,594.0
2019,UPZ,39.0,emergencies,465.0
2020,UPZ,39.0,emergencies,343.0
2016,UPZ,40.0,emergencies,378.0
2017,UPZ,40.0,emergencies,434.0
2018,UPZ,40.0,emergencies,421.0
2019,UPZ,40.0,emergencies,322.0
2020,UPZ,40.0,emergencies,261.0
2016,UPZ,41.0,emergencies,276.0
2017,UPZ,41.0,emergencies,273.0
2018,UPZ,41.0,emergencies,186.0
2019,UPZ,41.0,emergencies,166.0
2020,UPZ,41.0,emergencies,83.0
2016,UPZ,42.0,emergencies,164.0
2017,UPZ,42.0,emergencies,165.0
2018,UPZ,42.0,emergencies,534.0
2019,UPZ,42.0,emergencies,707.0
2020,UPZ,42.0,emergencies,339.0
2016,UPZ,43.0,emergencies,644.0
2017,UPZ,43.0,emergencies,756.0
2018,UPZ,43.0,emergencies,393.0
2019,UPZ,43.0,emergencies,374.0
2020,UPZ,43.0,emergencies,216.0
2016,UPZ,44.0,emergencies,243.0
2017,UPZ,44.0,emergencies,279.0
2018,UPZ,44.0,emergencies,350.0
2019,UPZ,44.0,emergencies,308.0
2020,UPZ,44.0,emergencies,188.0
2016,UPZ,45.0,emergencies,624.0
2017,UPZ,45.0,emergencies,475.0
2018,UPZ,45.0,emergencies,381.0
2019,UPZ,45.0,emergencies,438.0
2020,UPZ,45.0,emergencies,260.0
2016,UPZ,46.0,emergencies,421.0
2017,UPZ,46.0,emergencies,369.0
2018,UPZ,46.0,emergencies,372.0
2019,UPZ,46.0,emergencies,515.0
2020,UPZ,46.0,emergencies,281.0
2016,UPZ,47.0,emergencies,448.0
2017,UPZ,47.0,emergencies,434.0
2018,UPZ,47.0,emergencies,558.0
2019,UPZ,47.0,emergencies,709.0
2020,UPZ,47.0,emergencies,397.0
2016,UPZ,48.0,emergencies,268.0
2017,UPZ,48.0,emergencies,384.0
2018,UPZ,48.0,emergencies,319.0
2019,UPZ,48.0,emergencies,361.0
2020,UPZ,48.0,emergencies,236.0
2016,UPZ,49.0,emergencies,350.0
2017,UPZ,49.0,emergencies,388.0
2018,UPZ,49.0,emergencies,170.0
2019,UPZ,49.0,emergencies,107.0
2020,UPZ,49.0,emergencies,59.0
2016,UPZ,50.0,emergencies,61.0
2017,UPZ,50.0,emergencies,65.0
2018,UPZ,50.0,emergencies,423.0
2019,UPZ,50.0,emergencies,557.0
2020,UPZ,50.0,emergencies,247.0
2016,UPZ,51.0,emergencies,508.0
2017,UPZ,51.0,emergencies,465.0
2018,UPZ,51.0,emergencies,381.0
2019,UPZ,51.0,emergencies,334.0
2020,UPZ,51.0,emergencies,199.0
2016,UPZ,52.0,emergencies,354.0
2017,UPZ,52.0,emergencies,351.0
2018,UPZ,52.0,emergencies,135.0
2019,UPZ,52.0,emergencies,108.0
2020,UPZ,52.0,emergencies,48.0
2016,UPZ,53.0,emergencies,122.0
2017,UPZ,53.0,emergencies,119.0
2018,UPZ,53.0,emergencies,175.0
2019,UPZ,53.0,emergencies,172.0
2020,UPZ,53.0,emergencies,95.0
2016,UPZ,54.0,emergencies,197.0
2017,UPZ,54.0,emergencies,181.0
2018,UPZ,54.0,emergencies,251.0
2019,UPZ,54.0,emergencies,275.0
2020,UPZ,54.0,emergencies,152.0
2016,UPZ,55.0,emergencies,268.0
2017,UPZ,55.0,emergencies,204.0
2018,UPZ,55.0,emergencies,208.0
2019,UPZ,55.0,emergencies,168.0
2020,UPZ,55.0,emergencies,117.0
2016,UPZ,56.0,emergencies,135.0
2017,UPZ,56.0,emergencies,135.0
2018,UPZ,56.0,emergencies,163.0
2019,UPZ,56.0,emergencies,173.0
2020,UPZ,56.0,emergencies,85.0
2016,UPZ,57.0,emergencies,160.0
2017,UPZ,57.0,emergencies,147.0
2018,UPZ,57.0,emergencies,576.0
2019,UPZ,57.0,emergencies,678.0
2020,UPZ,57.0,emergencies,314.0
2016,UPZ,58.0,emergencies,528.0
2017,UPZ,58.0,emergencies,442.0
2018,UPZ,58.0,emergencies,359.0
2019,UPZ,58.0,emergencies,355.0
2020,UPZ,58.0,emergencies,223.0
2016,UPZ,59.0,emergencies,455.0
2017,UPZ,59.0,emergencies,460.0
2018,UPZ,59.0,emergencies,229.0
2019,UPZ,59.0,emergencies,78.0
2020,UPZ,59.0,emergencies,84.0
2016,UPZ,60.0,emergencies,115.0
2017,UPZ,60.0,emergencies,128.0
2018,UPZ,60.0,emergencies,30.0
2019,UPZ,60.0,emergencies,41.0
2020,UPZ,60.0,emergencies,24.0
2016,UPZ,61.0,emergencies,43.0
2017,UPZ,61.0,emergencies,32.0
2018,UPZ,61.0,emergencies,98.0
2019,UPZ,61.0,emergencies,183.0
2020,UPZ,61.0,emergencies,94.0
2018,UPZ,62.0,emergencies,170.0
2019,UPZ,62.0,emergencies,247.0
2020,UPZ,62.0,emergencies,164.0
2016,UPZ,63.0,emergencies,291.0
2017,UPZ,63.0,emergencies,190.0
2018,UPZ,63.0,emergencies,83.0
2019,UPZ,63.0,emergencies,39.0
2020,UPZ,63.0,emergencies,23.0
2016,UPZ,64.0,emergencies,9.0
2017,UPZ,64.0,emergencies,18.0
2018,UPZ,64.0,emergencies,18.0
2019,UPZ,64.0,emergencies,5.0
2020,UPZ,64.0,emergencies,6.0
2016,UPZ,65.0,emergencies,13.0
2017,UPZ,65.0,emergencies,4.0
2018,UPZ,65.0,emergencies,237.0
2019,UPZ,65.0,emergencies,302.0
2020,UPZ,65.0,emergencies,125.0
2016,UPZ,66.0,emergencies,259.0
2017,UPZ,66.0,emergencies,183.0
2018,UPZ,66.0,emergencies,309.0
2019,UPZ,66.0,emergencies,444.0
2020,UPZ,66.0,emergencies,186.0
2016,UPZ,67.0,emergencies,456.0
2017,UPZ,67.0,emergencies,501.0
2018,UPZ,67.0,emergencies,598.0
2019,UPZ,67.0,emergencies,535.0
2020,UPZ,67.0,emergencies,340.0
2016,UPZ,68.0,emergencies,543.0
2017,UPZ,68.0,emergencies,549.0
2018,UPZ,68.0,emergencies,276.0
2019,UPZ,68.0,emergencies,236.0
2020,UPZ,68.0,emergencies,102.0
2016,UPZ,69.0,emergencies,348.0
2017,UPZ,69.0,emergencies,284.0
2018,UPZ,69.0,emergencies,437.0
2019,UPZ,69.0,emergencies,494.0
2020,UPZ,69.0,emergencies,294.0
2016,UPZ,70.0,emergencies,348.0
2017,UPZ,70.0,emergencies,374.0
2018,UPZ,70.0,emergencies,276.0
2019,UPZ,70.0,emergencies,272.0
2020,UPZ,70.0,emergencies,152.0
2016,UPZ,71.0,emergencies,139.0
2017,UPZ,71.0,emergencies,206.0
2018,UPZ,71.0,emergencies,444.0
2019,UPZ,71.0,emergencies,529.0
2020,UPZ,71.0,emergencies,315.0
2016,UPZ,72.0,emergencies,544.0
2017,UPZ,72.0,emergencies,510.0
2018,UPZ,72.0,emergencies,375.0
2019,UPZ,72.0,emergencies,267.0
2020,UPZ,72.0,emergencies,146.0
2016,UPZ,73.0,emergencies,273.0
2017,UPZ,73.0,emergencies,265.0
2018,UPZ,73.0,emergencies,627.0
2019,UPZ,73.0,emergencies,762.0
2020,UPZ,73.0,emergencies,367.0
2016,UPZ,74.0,emergencies,819.0
2017,UPZ,74.0,emergencies,819.0
2018,UPZ,74.0,emergencies,395.0
2019,UPZ,74.0,emergencies,340.0
2020,UPZ,74.0,emergencies,235.0
2016,UPZ,75.0,emergencies,344.0
2017,UPZ,75.0,emergencies,314.0
2018,UPZ,75.0,emergencies,788.0
2019,UPZ,75.0,emergencies,873.0
2020,UPZ,75.0,emergencies,452.0
2016,UPZ,76.0,emergencies,924.0
2017,UPZ,76.0,emergencies,727.0
2018,UPZ,76.0,emergencies,257.0
2019,UPZ,76.0,emergencies,149.0
2020,UPZ,76.0,emergencies,120.0
2016,UPZ,77.0,emergencies,155.0
2017,UPZ,77.0,emergencies,171.0
2018,UPZ,77.0,emergencies,154.0
2019,UPZ,77.0,emergencies,189.0
2020,UPZ,77.0,emergencies,120.0
2016,UPZ,78.0,emergencies,73.0
2017,UPZ,78.0,emergencies,87.0
2018,UPZ,78.0,emergencies,61.0
2019,UPZ,78.0,emergencies,122.0
2020,UPZ,78.0,emergencies,50.0
2016,UPZ,79.0,emergencies,18.0
2017,UPZ,79.0,emergencies,20.0
2018,UPZ,79.0,emergencies,114.0
2019,UPZ,79.0,emergencies,111.0
2020,UPZ,79.0,emergencies,102.0
2016,UPZ,80.0,emergencies,74.0
2017,UPZ,80.0,emergencies,103.0
2018,UPZ,80.0,emergencies,145.0
2019,UPZ,80.0,emergencies,134.0
2020,UPZ,80.0,emergencies,111.0
2016,UPZ,81.0,emergencies,141.0
2017,UPZ,81.0,emergencies,140.0
2018,UPZ,81.0,emergencies,183.0
2019,UPZ,81.0,emergencies,120.0
2020,UPZ,81.0,emergencies,86.0
2016,UPZ,82.0,emergencies,133.0
2017,UPZ,82.0,emergencies,121.0
2018,UPZ,82.0,emergencies,351.0
2019,UPZ,82.0,emergencies,354.0
2020,UPZ,82.0,emergencies,214.0
2016,UPZ,83.0,emergencies,418.0
2017,UPZ,83.0,emergencies,389.0
2018,UPZ,83.0,emergencies,126.0
2019,UPZ,83.0,emergencies,59.0
2020,UPZ,83.0,emergencies,36.0
2016,UPZ,84.0,emergencies,27.0
2017,UPZ,84.0,emergencies,18.0
2018,UPZ,84.0,emergencies,506.0
2019,UPZ,84.0,emergencies,700.0
2020,UPZ,84.0,emergencies,355.0
2016,UPZ,85.0,emergencies,555.0
2017,UPZ,85.0,emergencies,715.0
2018,UPZ,85.0,emergencies,716.0
2019,UPZ,85.0,emergencies,766.0
2020,UPZ,85.0,emergencies,427.0
2016,UPZ,86.0,emergencies,705.0
2017,UPZ,86.0,emergencies,707.0
2018,UPZ,86.0,emergencies,348.0
2019,UPZ,86.0,emergencies,296.0
2020,UPZ,86.0,emergencies,142.0
2016,UPZ,87.0,emergencies,213.0
2017,UPZ,87.0,emergencies,220.0
2018,UPZ,87.0,emergencies,175.0
2019,UPZ,87.0,emergencies,228.0
2020,UPZ,87.0,emergencies,136.0
2016,UPZ,88.0,emergencies,21.0
2017,UPZ,88.0,emergencies,20.0
2018,UPZ,88.0,emergencies,264.0
2019,UPZ,88.0,emergencies,344.0
2020,UPZ,88.0,emergencies,160.0
2016,UPZ,89.0,emergencies,297.0
2017,UPZ,89.0,emergencies,275.0
2018,UPZ,89.0,emergencies,135.0
2019,UPZ,89.0,emergencies,111.0
2020,UPZ,89.0,emergencies,72.0
2016,UPZ,90.0,emergencies,191.0
2017,UPZ,90.0,emergencies,101.0
2018,UPZ,90.0,emergencies,284.0
2019,UPZ,90.0,emergencies,359.0
2020,UPZ,90.0,emergencies,263.0
2016,UPZ,91.0,emergencies,400.0
2017,UPZ,91.0,emergencies,414.0
2018,UPZ,91.0,emergencies,227.0
2019,UPZ,91.0,emergencies,296.0
2020,UPZ,91.0,emergencies,111.0
2016,UPZ,92.0,emergencies,214.0
2017,UPZ,92.0,emergencies,180.0
2018,UPZ,92.0,emergencies,225.0
2019,UPZ,92.0,emergencies,206.0
2020,UPZ,92.0,emergencies,110.0
2016,UPZ,93.0,emergencies,223.0
2017,UPZ,93.0,emergencies,201.0
2018,UPZ,93.0,emergencies,481.0
2019,UPZ,93.0,emergencies,523.0
2020,UPZ,93.0,emergencies,192.0
2016,UPZ,94.0,emergencies,412.0
2017,UPZ,94.0,emergencies,426.0
2018,UPZ,94.0,emergencies,593.0
2019,UPZ,94.0,emergencies,686.0
2020,UPZ,94.0,emergencies,221.0
2016,UPZ,95.0,emergencies,673.0
2017,UPZ,95.0,emergencies,696.0
2018,UPZ,95.0,emergencies,272.0
2019,UPZ,95.0,emergencies,144.0
2020,UPZ,95.0,emergencies,105.0
2018,UPZ,96.0,emergencies,214.0
2019,UPZ,96.0,emergencies,264.0
2020,UPZ,96.0,emergencies,211.0
2016,UPZ,97.0,emergencies,462.0
2017,UPZ,97.0,emergencies,444.0
2018,UPZ,97.0,emergencies,690.0
2019,UPZ,97.0,emergencies,703.0
2020,UPZ,97.0,emergencies,322.0
2016,UPZ,98.0,emergencies,848.0
2017,UPZ,98.0,emergencies,743.0
2018,UPZ,98.0,emergencies,425.0
2019,UPZ,98.0,emergencies,364.0
2020,UPZ,98.0,emergencies,231.0
2016,UPZ,99.0,emergencies,454.0
2017,UPZ,99.0,emergencies,377.0
2018,UPZ,99.0,emergencies,867.0
2019,UPZ,99.0,emergencies,931.0
2020,UPZ,99.0,emergencies,383.0
2016,UPZ,100.0,emergencies,827.0
2017,UPZ,100.0,emergencies,825.0
2018,UPZ,100.0,emergencies,515.0
2019,UPZ,100.0,emergencies,625.0
2020,UPZ,100.0,emergencies,244.0
2016,UPZ,101.0,emergencies,410.0
2017,UPZ,101.0,emergencies,466.0
2018,UPZ,101.0,emergencies,368.0
2019,UPZ,101.0,emergencies,261.0
2020,UPZ,101.0,emergencies,150.0
2016,UPZ,102.0,emergencies,381.0
2017,UPZ,102.0,emergencies,347.0
2018,UPZ,102.0,emergencies,788.0
2019,UPZ,102.0,emergencies,1030.0
2020,UPZ,102.0,emergencies,528.0
2016,UPZ,103.0,emergencies,1179.0
2017,UPZ,103.0,emergencies,957.0
2018,UPZ,103.0,emergencies,222.0
2019,UPZ,103.0,emergencies,84.0
2020,UPZ,103.0,emergencies,39.0
2016,UPZ,104.0,emergencies,71.0
2017,UPZ,104.0,emergencies,222.0
2018,UPZ,104.0,emergencies,215.0
2019,UPZ,104.0,emergencies,190.0
2020,UPZ,104.0,emergencies,42.0
2016,UPZ,105.0,emergencies,132.0
2017,UPZ,105.0,emergencies,56.0
2018,UPZ,105.0,emergencies,41.0
2019,UPZ,105.0,emergencies,31.0
2020,UPZ,105.0,emergencies,9.0
2018,UPZ,106.0,emergencies,170.0
2019,UPZ,106.0,emergencies,192.0
2020,UPZ,106.0,emergencies,87.0
2016,UPZ,107.0,emergencies,217.0
2017,UPZ,107.0,emergencies,165.0
2018,UPZ,107.0,emergencies,261.0
2019,UPZ,107.0,emergencies,240.0
2020,UPZ,107.0,emergencies,99.0
2016,UPZ,108.0,emergencies,298.0
2017,UPZ,108.0,emergencies,260.0
2018,UPZ,108.0,emergencies,252.0
2019,UPZ,108.0,emergencies,239.0
2020,UPZ,108.0,emergencies,174.0
2016,UPZ,109.0,emergencies,235.0
2017,UPZ,109.0,emergencies,271.0
2018,UPZ,109.0,emergencies,154.0
2019,UPZ,109.0,emergencies,110.0
2020,UPZ,109.0,emergencies,42.0
2016,UPZ,110.0,emergencies,231.0
2017,UPZ,110.0,emergencies,263.0
2018,UPZ,110.0,emergencies,231.0
2019,UPZ,110.0,emergencies,222.0
2020,UPZ,110.0,emergencies,121.0
2016,UPZ,111.0,emergencies,115.0
2017,UPZ,111.0,emergencies,80.0
2018,UPZ,111.0,emergencies,267.0
2019,UPZ,111.0,emergencies,380.0
2020,UPZ,111.0,emergencies,149.0
2016,UPZ,112.0,emergencies,410.0
2017,UPZ,112.0,emergencies,456.0
2018,UPZ,112.0,emergencies,451.0
2019,UPZ,112.0,emergencies,441.0
2020,UPZ,112.0,emergencies,449.0
2016,UPZ,113.0,emergencies,252.0
2017,UPZ,113.0,emergencies,280.0
2018,UPZ,113.0,emergencies,221.0
2019,UPZ,113.0,emergencies,152.0
2020,UPZ,113.0,emergencies,100.0
2016,UPZ,114.0,emergencies,102.0
2017,UPZ,114.0,emergencies,122.0
2018,UPZ,114.0,emergencies,201.0
2019,UPZ,114.0,emergencies,192.0
2020,UPZ,114.0,emergencies,129.0
2016,UPZ,115.0,emergencies,364.0
2017,UPZ,115.0,emergencies,344.0
2018,UPZ,115.0,emergencies,127.0
2019,UPZ,115.0,emergencies,103.0
2020,UPZ,115.0,emergencies,72.0
2016,UPZ,116.0,emergencies,52.0
2017,UPZ,116.0,emergencies,62.0
2018,UPZ,116.0,emergencies,141.0
2019,UPZ,116.0,emergencies,91.0
2020,UPZ,116.0,emergencies,45.0
2016,UPZ,117.0,emergencies,24.0
2017,UPZ,117.0,emergencies,27.0
2018,UPZ,117.0,emergencies,24.0
2019,UPZ,117.0,emergencies,55.0
2020,UPZ,117.0,emergencies,16.0
2017,UPZ,1.0,fires,0.0
2018,UPZ,1.0,fires,3.0
2019,UPZ,1.0,fires,3.0
2020,UPZ,1.0,fires,3.0
2016,UPZ,2.0,fires,4.0
2017,UPZ,2.0,fires,0.0
2018,UPZ,2.0,fires,4.0
2019,UPZ,2.0,fires,0.0
2020,UPZ,2.0,fires,0.0
2016,UPZ,3.0,fires,0.0
2017,UPZ,3.0,fires,0.0
2018,UPZ,3.0,fires,1.0
2019,UPZ,3.0,fires,17.0
2020,UPZ,3.0,fires,6.0
2018,UPZ,9.0,fires,23.0
2019,UPZ,9.0,fires,19.0
2020,UPZ,9.0,fires,13.0
2016,UPZ,10.0,fires,35.0
2017,UPZ,10.0,fires,19.0
2018,UPZ,10.0,fires,9.0
2019,UPZ,10.0,fires,10.0
2020,UPZ,10.0,fires,23.0
2016,UPZ,11.0,fires,10.0
2017,UPZ,11.0,fires,7.0
2018,UPZ,11.0,fires,13.0
2019,UPZ,11.0,fires,18.0
2020,UPZ,11.0,fires,14.0
2016,UPZ,12.0,fires,25.0
2017,UPZ,12.0,fires,8.0
2018,UPZ,12.0,fires,19.0
2019,UPZ,12.0,fires,19.0
2020,UPZ,12.0,fires,10.0
2016,UPZ,13.0,fires,19.0
2017,UPZ,13.0,fires,17.0
2018,UPZ,13.0,fires,27.0
2019,UPZ,13.0,fires,35.0
2020,UPZ,13.0,fires,19.0
2016,UPZ,14.0,fires,52.0
2017,UPZ,14.0,fires,38.0
2018,UPZ,14.0,fires,25.0
2019,UPZ,14.0,fires,14.0
2020,UPZ,14.0,fires,7.0
2016,UPZ,15.0,fires,21.0
2017,UPZ,15.0,fires,16.0
2018,UPZ,15.0,fires,2.0
2019,UPZ,15.0,fires,6.0
2020,UPZ,15.0,fires,8.0
2016,UPZ,16.0,fires,9.0
2017,UPZ,16.0,fires,8.0
2018,UPZ,16.0,fires,8.0
2019,UPZ,16.0,fires,23.0
2020,UPZ,16.0,fires,12.0
2016,UPZ,17.0,fires,27.0
2017,UPZ,17.0,fires,25.0
2018,UPZ,17.0,fires,12.0
2019,UPZ,17.0,fires,16.0
2020,UPZ,17.0,fires,5.0
2016,UPZ,18.0,fires,10.0
2017,UPZ,18.0,fires,20.0
2018,UPZ,18.0,fires,18.0
2019,UPZ,18.0,fires,14.0
2020,UPZ,18.0,fires,10.0
2016,UPZ,19.0,fires,13.0
2017,UPZ,19.0,fires,6.0
2018,UPZ,19.0,fires,21.0
2019,UPZ,19.0,fires,19.0
2020,UPZ,19.0,fires,17.0
2016,UPZ,20.0,fires,19.0
2017,UPZ,20.0,fires,21.0
2018,UPZ,20.0,fires,16.0
2019,UPZ,20.0,fires,13.0
2020,UPZ,20.0,fires,7.0
2016,UPZ,21.0,fires,15.0
2017,UPZ,21.0,fires,8.0
2018,UPZ,21.0,fires,13.0
2019,UPZ,21.0,fires,17.0
2020,UPZ,21.0,fires,7.0
2016,UPZ,22.0,fires,8.0
2017,UPZ,22.0,fires,10.0
2018,UPZ,22.0,fires,11.0
2019,UPZ,22.0,fires,32.0
2020,UPZ,22.0,fires,14.0
2016,UPZ,23.0,fires,24.0
2017,UPZ,23.0,fires,20.0
2018,UPZ,23.0,fires,7.0
2019,UPZ,23.0,fires,15.0
2020,UPZ,23.0,fires,8.0
2016,UPZ,24.0,fires,10.0
2017,UPZ,24.0,fires,7.0
2018,UPZ,24.0,fires,16.0
2019,UPZ,24.0,fires,17.0
2020,UPZ,24.0,fires,6.0
2016,UPZ,25.0,fires,23.0
2017,UPZ,25.0,fires,20.0
2018,UPZ,25.0,fires,7.0
2019,UPZ,25.0,fires,18.0
2020,UPZ,25.0,fires,6.0
2016,UPZ,26.0,fires,7.0
2017,UPZ,26.0,fires,5.0
2018,UPZ,26.0,fires,24.0
2019,UPZ,26.0,fires,36.0
2020,UPZ,26.0,fires,16.0
2016,UPZ,27.0,fires,30.0
2017,UPZ,27.0,fires,28.0
2018,UPZ,27.0,fires,29.0
2019,UPZ,27.0,fires,33.0
2020,UPZ,27.0,fires,20.0
2016,UPZ,28.0,fires,28.0
2017,UPZ,28.0,fires,20.0
2018,UPZ,28.0,fires,34.0
2019,UPZ,28.0,fires,50.0
2020,UPZ,28.0,fires,28.0
2016,UPZ,29.0,fires,52.0
2017,UPZ,29.0,fires,40.0
2018,UPZ,29.0,fires,45.0
2019,UPZ,29.0,fires,26.0
2020,UPZ,29.0,fires,4.0
2016,UPZ,30.0,fires,21.0
2017,UPZ,30.0,fires,29.0
2018,UPZ,30.0,fires,22.0
2019,UPZ,30.0,fires,38.0
2020,UPZ,30.0,fires,11.0
2016,UPZ,31.0,fires,39.0
2017,UPZ,31.0,fires,33.0
2018,UPZ,31.0,fires,18.0
2019,UPZ,31.0,fires,23.0
2020,UPZ,31.0,fires,9.0
2016,UPZ,32.0,fires,14.0
2017,UPZ,32.0,fires,25.0
2018,UPZ,32.0,fires,30.0
2019,UPZ,32.0,fires,33.0
2020,UPZ,32.0,fires,21.0
2016,UPZ,33.0,fires,177.0
2017,UPZ,33.0,fires,32.0
2018,UPZ,33.0,fires,12.0
2019,UPZ,33.0,fires,42.0
2020,UPZ,33.0,fires,12.0
2016,UPZ,34.0,fires,29.0
2017,UPZ,34.0,fires,18.0
2018,UPZ,34.0,fires,21.0
2019,UPZ,34.0,fires,19.0
2020,UPZ,34.0,fires,16.0
2016,UPZ,35.0,fires,45.0
2017,UPZ,35.0,fires,11.0
2018,UPZ,35.0,fires,10.0
2019,UPZ,35.0,fires,6.0
2020,UPZ,35.0,fires,2.0
2016,UPZ,36.0,fires,7.0
2017,UPZ,36.0,fires,4.0
2018,UPZ,36.0,fires,14.0
2019,UPZ,36.0,fires,20.0
2020,UPZ,36.0,fires,16.0
2016,UPZ,37.0,fires,19.0
2017,UPZ,37.0,fires,13.0
2018,UPZ,37.0,fires,9.0
2019,UPZ,37.0,fires,12.0
2020,UPZ,37.0,fires,7.0
2016,UPZ,38.0,fires,10.0
2017,UPZ,38.0,fires,3.0
2018,UPZ,38.0,fires,29.0
2019,UPZ,38.0,fires,19.0
2020,UPZ,38.0,fires,9.0
2016,UPZ,39.0,fires,29.0
2017,UPZ,39.0,fires,16.0
2018,UPZ,39.0,fires,31.0
2019,UPZ,39.0,fires,26.0
2020,UPZ,39.0,fires,20.0
2016,UPZ,40.0,fires,24.0
2017,UPZ,40.0,fires,27.0
2018,UPZ,40.0,fires,17.0
2019,UPZ,40.0,fires,7.0
2020,UPZ,40.0,fires,12.0
2016,UPZ,41.0,fires,14.0
2017,UPZ,41.0,fires,8.0
2018,UPZ,41.0,fires,7.0
2019,UPZ,41.0,fires,6.0
2020,UPZ,41.0,fires,5.0
2016,UPZ,42.0,fires,10.0
2017,UPZ,42.0,fires,7.0
2018,UPZ,42.0,fires,32.0
2019,UPZ,42.0,fires,38.0
2020,UPZ,42.0,fires,20.0
2016,UPZ,43.0,fires,28.0
2017,UPZ,43.0,fires,28.0
2018,UPZ,43.0,fires,25.0
2019,UPZ,43.0,fires,22.0
2020,UPZ,43.0,fires,16.0
2016,UPZ,44.0,fires,11.0
2017,UPZ,44.0,fires,9.0
2018,UPZ,44.0,fires,15.0
2019,UPZ,44.0,fires,15.0
2020,UPZ,44.0,fires,10.0
2016,UPZ,45.0,fires,24.0
2017,UPZ,45.0,fires,10.0
2018,UPZ,45.0,fires,50.0
2019,UPZ,45.0,fires,50.0
2020,UPZ,45.0,fires,16.0
2016,UPZ,46.0,fires,36.0
2017,UPZ,46.0,fires,19.0
2018,UPZ,46.0,fires,18.0
2019,UPZ,46.0,fires,41.0
2020,UPZ,46.0,fires,24.0
2016,UPZ,47.0,fires,32.0
2017,UPZ,47.0,fires,33.0
2018,UPZ,47.0,fires,25.0
2019,UPZ,47.0,fires,20.0
2020,UPZ,47.0,fires,5.0
2016,UPZ,48.0,fires,12.0
2017,UPZ,48.0,fires,14.0
2018,UPZ,48.0,fires,15.0
2019,UPZ,48.0,fires,24.0
2020,UPZ,48.0,fires,13.0
2016,UPZ,49.0,fires,24.0
2017,UPZ,49.0,fires,16.0
2018,UPZ,49.0,fires,8.0
2019,UPZ,49.0,fires,9.0
2020,UPZ,49.0,fires,6.0
2016,UPZ,50.0,fires,5.0
2017,UPZ,50.0,fires,5.0
2018,UPZ,50.0,fires,31.0
2019,UPZ,50.0,fires,27.0
2020,UPZ,50.0,fires,18.0
2016,UPZ,51.0,fires,90.0
2017,UPZ,51.0,fires,24.0
2018,UPZ,51.0,fires,29.0
2019,UPZ,51.0,fires,58.0
2020,UPZ,51.0,fires,21.0
2016,UPZ,52.0,fires,49.0
2017,UPZ,52.0,fires,26.0
2018,UPZ,52.0,fires,23.0
2019,UPZ,52.0,fires,9.0
2020,UPZ,52.0,fires,7.0
2016,UPZ,53.0,fires,14.0
2017,UPZ,53.0,fires,14.0
2018,UPZ,53.0,fires,15.0
2019,UPZ,53.0,fires,34.0
2020,UPZ,53.0,fires,13.0
2016,UPZ,54.0,fires,30.0
2017,UPZ,54.0,fires,12.0
2018,UPZ,54.0,fires,25.0
2019,UPZ,54.0,fires,25.0
2020,UPZ,54.0,fires,15.0
2016,UPZ,55.0,fires,51.0
2017,UPZ,55.0,fires,13.0
2018,UPZ,55.0,fires,25.0
2019,UPZ,55.0,fires,21.0
2020,UPZ,55.0,fires,21.0
2016,UPZ,56.0,fires,18.0
2017,UPZ,56.0,fires,6.0
2018,UPZ,56.0,fires,12.0
2019,UPZ,56.0,fires,16.0
2020,UPZ,56.0,fires,7.0
2016,UPZ,57.0,fires,24.0
2017,UPZ,57.0,fires,11.0
2018,UPZ,57.0,fires,32.0
2019,UPZ,57.0,fires,68.0
2020,UPZ,57.0,fires,16.0
2016,UPZ,58.0,fires,37.0
2017,UPZ,58.0,fires,12.0
2018,UPZ,58.0,fires,22.0
2019,UPZ,58.0,fires,25.0
2020,UPZ,58.0,fires,19.0
2016,UPZ,59.0,fires,39.0
2017,UPZ,59.0,fires,21.0
2018,UPZ,59.0,fires,17.0
2019,UPZ,59.0,fires,4.0
2020,UPZ,59.0,fires,12.0
2016,UPZ,60.0,fires,7.0
2017,UPZ,60.0,fires,29.0
2018,UPZ,60.0,fires,5.0
2019,UPZ,60.0,fires,8.0
2020,UPZ,60.0,fires,2.0
2016,UPZ,61.0,fires,9.0
2017,UPZ,61.0,fires,2.0
2018,UPZ,61.0,fires,12.0
2019,UPZ,61.0,fires,9.0
2020,UPZ,61.0,fires,18.0
2018,UPZ,62.0,fires,12.0
2019,UPZ,62.0,fires,25.0
2020,UPZ,62.0,fires,21.0
2016,UPZ,63.0,fires,56.0
2017,UPZ,63.0,fires,10.0
2018,UPZ,63.0,fires,6.0
2019,UPZ,63.0,fires,12.0
2020,UPZ,63.0,fires,1.0
2016,UPZ,64.0,fires,3.0
2017,UPZ,64.0,fires,0.0
2018,UPZ,64.0,fires,1.0
2019,UPZ,64.0,fires,0.0
2020,UPZ,64.0,fires,2.0
2016,UPZ,65.0,fires,3.0
2017,UPZ,65.0,fires,1.0
2018,UPZ,65.0,fires,20.0
2019,UPZ,65.0,fires,35.0
2020,UPZ,65.0,fires,9.0
2016,UPZ,66.0,fires,35.0
2017,UPZ,66.0,fires,8.0
2018,UPZ,66.0,fires,13.0
2019,UPZ,66.0,fires,18.0
2020,UPZ,66.0,fires,4.0
2016,UPZ,67.0,fires,25.0
2017,UPZ,67.0,fires,20.0
2018,UPZ,67.0,fires,37.0
2019,UPZ,67.0,fires,64.0
2020,UPZ,67.0,fires,46.0
2016,UPZ,68.0,fires,58.0
2017,UPZ,68.0,fires,28.0
2018,UPZ,68.0,fires,35.0
2019,UPZ,68.0,fires,47.0
2020,UPZ,68.0,fires,5.0
2016,UPZ,69.0,fires,50.0
2017,UPZ,69.0,fires,25.0
2018,UPZ,69.0,fires,38.0
2019,UPZ,69.0,fires,52.0
2020,UPZ,69.0,fires,21.0
2016,UPZ,70.0,fires,33.0
2017,UPZ,70.0,fires,47.0
2018,UPZ,70.0,fires,16.0
2019,UPZ,70.0,fires,31.0
2020,UPZ,70.0,fires,23.0
2016,UPZ,71.0,fires,14.0
2017,UPZ,71.0,fires,8.0
2018,UPZ,71.0,fires,25.0
2019,UPZ,71.0,fires,26.0
2020,UPZ,71.0,fires,22.0
2016,UPZ,72.0,fires,36.0
2017,UPZ,72.0,fires,34.0
2018,UPZ,72.0,fires,15.0
2019,UPZ,72.0,fires,13.0
2020,UPZ,72.0,fires,9.0
2016,UPZ,73.0,fires,6.0
2017,UPZ,73.0,fires,5.0
2018,UPZ,73.0,fires,21.0
2019,UPZ,73.0,fires,33.0
2020,UPZ,73.0,fires,20.0
2016,UPZ,74.0,fires,28.0
2017,UPZ,74.0,fires,34.0
2018,UPZ,74.0,fires,26.0
2019,UPZ,74.0,fires,28.0
2020,UPZ,74.0,fires,19.0
2016,UPZ,75.0,fires,20.0
2017,UPZ,75.0,fires,36.0
2018,UPZ,75.0,fires,36.0
2019,UPZ,75.0,fires,44.0
2020,UPZ,75.0,fires,23.0
2016,UPZ,76.0,fires,44.0
2017,UPZ,76.0,fires,30.0
2018,UPZ,76.0,fires,15.0
2019,UPZ,76.0,fires,4.0
2020,UPZ,76.0,fires,8.0
2016,UPZ,77.0,fires,11.0
2017,UPZ,77.0,fires,8.0
2018,UPZ,77.0,fires,13.0
2019,UPZ,77.0,fires,24.0
2020,UPZ,77.0,fires,12.0
2016,UPZ,78.0,fires,9.0
2017,UPZ,78.0,fires,2.0
2018,UPZ,78.0,fires,5.0
2019,UPZ,78.0,fires,17.0
2020,UPZ,78.0,fires,5.0
2016,UPZ,79.0,fires,2.0
2017,UPZ,79.0,fires,0.0
2018,UPZ,79.0,fires,5.0
2019,UPZ,79.0,fires,8.0
2020,UPZ,79.0,fires,8.0
2016,UPZ,80.0,fires,7.0
2017,UPZ,80.0,fires,10.0
2018,UPZ,80.0,fires,9.0
2019,UPZ,80.0,fires,22.0
2020,UPZ,80.0,fires,10.0
2016,UPZ,81.0,fires,16.0
2017,UPZ,81.0,fires,11.0
2018,UPZ,81.0,fires,15.0
2019,UPZ,81.0,fires,9.0
2020,UPZ,81.0,fires,2.0
2016,UPZ,82.0,fires,10.0
2017,UPZ,82.0,fires,8.0
2018,UPZ,82.0,fires,34.0
2019,UPZ,82.0,fires,36.0
2020,UPZ,82.0,fires,20.0
2016,UPZ,83.0,fires,39.0
2017,UPZ,83.0,fires,43.0
2018,UPZ,83.0,fires,3.0
2019,UPZ,83.0,fires,4.0
2020,UPZ,83.0,fires,2.0
2016,UPZ,84.0,fires,2.0
2017,UPZ,84.0,fires,1.0
2018,UPZ,84.0,fires,51.0
2019,UPZ,84.0,fires,75.0
2020,UPZ,84.0,fires,29.0
2016,UPZ,85.0,fires,67.0
2017,UPZ,85.0,fires,64.0
2018,UPZ,85.0,fires,45.0
2019,UPZ,85.0,fires,63.0
2020,UPZ,85.0,fires,20.0
2016,UPZ,86.0,fires,48.0
2017,UPZ,86.0,fires,31.0
2018,UPZ,86.0,fires,38.0
2019,UPZ,86.0,fires,72.0
2020,UPZ,86.0,fires,29.0
2016,UPZ,87.0,fires,32.0
2017,UPZ,87.0,fires,22.0
2018,UPZ,87.0,fires,20.0
2019,UPZ,87.0,fires,55.0
2020,UPZ,87.0,fires,44.0
2016,UPZ,88.0,fires,1.0
2017,UPZ,88.0,fires,3.0
2018,UPZ,88.0,fires,9.0
2019,UPZ,88.0,fires,30.0
2020,UPZ,88.0,fires,7.0
2016,UPZ,89.0,fires,16.0
2017,UPZ,89.0,fires,18.0
2018,UPZ,89.0,fires,12.0
2019,UPZ,89.0,fires,33.0
2020,UPZ,89.0,fires,6.0
2016,UPZ,90.0,fires,89.0
2017,UPZ,90.0,fires,5.0
2018,UPZ,90.0,fires,14.0
2019,UPZ,90.0,fires,23.0
2020,UPZ,90.0,fires,59.0
2016,UPZ,91.0,fires,31.0
2017,UPZ,91.0,fires,25.0
2018,UPZ,91.0,fires,12.0
2019,UPZ,91.0,fires,32.0
2020,UPZ,91.0,fires,15.0
2016,UPZ,92.0,fires,15.0
2017,UPZ,92.0,fires,16.0
2018,UPZ,92.0,fires,6.0
2019,UPZ,92.0,fires,10.0
2020,UPZ,92.0,fires,6.0
2016,UPZ,93.0,fires,18.0
2017,UPZ,93.0,fires,8.0
2018,UPZ,93.0,fires,25.0
2019,UPZ,93.0,fires,25.0
2020,UPZ,93.0,fires,19.0
2016,UPZ,94.0,fires,27.0
2017,UPZ,94.0,fires,39.0
2018,UPZ,94.0,fires,28.0
2019,UPZ,94.0,fires,23.0
2020,UPZ,94.0,fires,12.0
2016,UPZ,95.0,fires,55.0
2017,UPZ,95.0,fires,40.0
2018,UPZ,95.0,fires,37.0
2019,UPZ,95.0,fires,12.0
2020,UPZ,95.0,fires,16.0
2018,UPZ,96.0,fires,17.0
2019,UPZ,96.0,fires,21.0
2020,UPZ,96.0,fires,19.0
2016,UPZ,97.0,fires,39.0
2017,UPZ,97.0,fires,33.0
2018,UPZ,97.0,fires,31.0
2019,UPZ,97.0,fires,37.0
2020,UPZ,97.0,fires,19.0
2016,UPZ,98.0,fires,35.0
2017,UPZ,98.0,fires,31.0
2018,UPZ,98.0,fires,28.0
2019,UPZ,98.0,fires,24.0
2020,UPZ,98.0,fires,13.0
2016,UPZ,99.0,fires,22.0
2017,UPZ,99.0,fires,21.0
2018,UPZ,99.0,fires,23.0
2019,UPZ,99.0,fires,31.0
2020,UPZ,99.0,fires,14.0
2016,UPZ,100.0,fires,25.0
2017,UPZ,100.0,fires,18.0
2018,UPZ,100.0,fires,13.0
2019,UPZ,100.0,fires,12.0
2020,UPZ,100.0,fires,17.0
2016,UPZ,101.0,fires,16.0
2017,UPZ,101.0,fires,11.0
2018,UPZ,101.0,fires,22.0
2019,UPZ,101.0,fires,14.0
2020,UPZ,101.0,fires,8.0
2016,UPZ,102.0,fires,20.0
2017,UPZ,102.0,fires,14.0
2018,UPZ,102.0,fires,37.0
2019,UPZ,102.0,fires,39.0
2020,UPZ,102.0,fires,27.0
2016,UPZ,103.0,fires,70.0
2017,UPZ,103.0,fires,47.0
2018,UPZ,103.0,fires,7.0
2019,UPZ,103.0,fires,2.0
2020,UPZ,103.0,fires,1.0
2016,UPZ,104.0,fires,4.0
2017,UPZ,104.0,fires,5.0
2018,UPZ,104.0,fires,5.0
2019,UPZ,104.0,fires,3.0
2020,UPZ,104.0,fires,5.0
2016,UPZ,105.0,fires,1.0
2017,UPZ,105.0,fires,0.0
2018,UPZ,105.0,fires,0.0
2019,UPZ,105.0,fires,2.0
2020,UPZ,105.0,fires,2.0
2018,UPZ,106.0,fires,5.0
2019,UPZ,106.0,fires,10.0
2020,UPZ,106.0,fires,1.0
2016,UPZ,107.0,fires,4.0
2017,UPZ,107.0,fires,4.0
2018,UPZ,107.0,fires,6.0
2019,UPZ,107.0,fires,11.0
2020,UPZ,107.0,fires,0.0
2016,UPZ,108.0,fires,11.0
2017,UPZ,108.0,fires,12.0
2018,UPZ,108.0,fires,23.0
2019,UPZ,108.0,fires,9.0
2020,UPZ,108.0,fires,17.0
2016,UPZ,109.0,fires,21.0
2017,UPZ,109.0,fires,50.0
2018,UPZ,109.0,fires,12.0
2019,UPZ,109.0,fires,4.0
2020,UPZ,109.0,fires,2.0
2016,UPZ,110.0,fires,10.0
2017,UPZ,110.0,fires,10.0
2018,UPZ,110.0,fires,9.0
2019,UPZ,110.0,fires,6.0
2020,UPZ,110.0,fires,8.0
2016,UPZ,111.0,fires,2.0
2017,UPZ,111.0,fires,2.0
2018,UPZ,111.0,fires,5.0
2019,UPZ,111.0,fires,8.0
2020,UPZ,111.0,fires,3.0
2016,UPZ,112.0,fires,6.0
2017,UPZ,112.0,fires,16.0
2018,UPZ,112.0,fires,17.0
2019,UPZ,112.0,fires,11.0
2020,UPZ,112.0,fires,6.0
2016,UPZ,113.0,fires,7.0
2017,UPZ,113.0,fires,7.0
2018,UPZ,113.0,fires,12.0
2019,UPZ,113.0,fires,6.0
2020,UPZ,113.0,fires,3.0
2016,UPZ,114.0,fires,7.0
2017,UPZ,114.0,fires,6.0
2018,UPZ,114.0,fires,6.0
2019,UPZ,114.0,fires,6.0
2020,UPZ,114.0,fires,5.0
2016,UPZ,115.0,fires,20.0
2017,UPZ,115.0,fires,18.0
2018,UPZ,115.0,fires,2.0
2019,UPZ,115.0,fires,7.0
2020,UPZ,115.0,fires,7.0
2016,UPZ,116.0,fires,5.0
2017,UPZ,116.0,fires,6.0
2018,UPZ,116.0,fires,8.0
2019,UPZ,116.0,fires,9.0
2020,UPZ,116.0,fires,0.0
2016,UPZ,117.0,fires,1.0
2017,UPZ,117.0,fires,3.0
2018,UPZ,117.0,fires,1.0
2019,UPZ,117.0,fires,3.0
2020,UPZ,117.0,fires,1.0
2017,UPZ,1.0,rescues,0.0
2018,UPZ,1.0,rescues,3.0
2019,UPZ,1.0,rescues,2.0
2020,UPZ,1.0,rescues,2.0
2016,UPZ,2.0,rescues,0.0
2017,UPZ,2.0,rescues,1.0
2018,UPZ,2.0,rescues,1.0
2019,UPZ,2.0,rescues,0.0
2020,UPZ,2.0,rescues,0.0
2016,UPZ,3.0,rescues,0.0
2017,UPZ,3.0,rescues,0.0
2018,UPZ,3.0,rescues,3.0
2019,UPZ,3.0,rescues,2.0
2020,UPZ,3.0,rescues,0.0
2018,UPZ,9.0,rescues,30.0
2019,UPZ,9.0,rescues,43.0
2020,UPZ,9.0,rescues,25.0
2016,UPZ,10.0,rescues,27.0
2017,UPZ,10.0,rescues,34.0
2018,UPZ,10.0,rescues,11.0
2019,UPZ,10.0,rescues,26.0
2020,UPZ,10.0,rescues,9.0
2016,UPZ,11.0,rescues,5.0
2017,UPZ,11.0,rescues,5.0
2018,UPZ,11.0,rescues,21.0
2019,UPZ,11.0,rescues,36.0
2020,UPZ,11.0,rescues,10.0
2016,UPZ,12.0,rescues,20.0
2017,UPZ,12.0,rescues,14.0
2018,UPZ,12.0,rescues,31.0
2019,UPZ,12.0,rescues,33.0
2020,UPZ,12.0,rescues,18.0
2016,UPZ,13.0,rescues,20.0
2017,UPZ,13.0,rescues,45.0
2018,UPZ,13.0,rescues,91.0
2019,UPZ,13.0,rescues,117.0
2020,UPZ,13.0,rescues,67.0
2016,UPZ,14.0,rescues,86.0
2017,UPZ,14.0,rescues,103.0
2018,UPZ,14.0,rescues,55.0
2019,UPZ,14.0,rescues,31.0
2020,UPZ,14.0,rescues,18.0
2016,UPZ,15.0,rescues,26.0
2017,UPZ,15.0,rescues,34.0
2018,UPZ,15.0,rescues,14.0
2019,UPZ,15.0,rescues,17.0
2020,UPZ,15.0,rescues,8.0
2016,UPZ,16.0,rescues,6.0
2017,UPZ,16.0,rescues,21.0
2018,UPZ,16.0,rescues,45.0
2019,UPZ,16.0,rescues,93.0
2020,UPZ,16.0,rescues,51.0
2016,UPZ,17.0,rescues,43.0
2017,UPZ,17.0,rescues,68.0
2018,UPZ,17.0,rescues,35.0
2019,UPZ,17.0,rescues,17.0
2020,UPZ,17.0,rescues,21.0
2016,UPZ,18.0,rescues,17.0
2017,UPZ,18.0,rescues,27.0
2018,UPZ,18.0,rescues,41.0
2019,UPZ,18.0,rescues,56.0
2020,UPZ,18.0,rescues,45.0
2016,UPZ,19.0,rescues,41.0
2017,UPZ,19.0,rescues,50.0
2018,UPZ,19.0,rescues,54.0
2019,UPZ,19.0,rescues,71.0
2020,UPZ,19.0,rescues,36.0
2016,UPZ,20.0,rescues,56.0
2017,UPZ,20.0,rescues,44.0
2018,UPZ,20.0,rescues,34.0
2019,UPZ,20.0,rescues,34.0
2020,UPZ,20.0,rescues,12.0
2016,UPZ,21.0,rescues,25.0
2017,UPZ,21.0,rescues,36.0
2018,UPZ,21.0,rescues,23.0
2019,UPZ,21.0,rescues,22.0
2020,UPZ,21.0,rescues,20.0
2016,UPZ,22.0,rescues,26.0
2017,UPZ,22.0,rescues,22.0
2018,UPZ,22.0,rescues,48.0
2019,UPZ,22.0,rescues,41.0
2020,UPZ,22.0,rescues,23.0
2016,UPZ,23.0,rescues,36.0
2017,UPZ,23.0,rescues,32.0
2018,UPZ,23.0,rescues,27.0
2019,UPZ,23.0,rescues,20.0
2020,UPZ,23.0,rescues,20.0
2016,UPZ,24.0,rescues,14.0
2017,UPZ,24.0,rescues,9.0
2018,UPZ,24.0,rescues,47.0
2019,UPZ,24.0,rescues,74.0
2020,UPZ,24.0,rescues,24.0
2016,UPZ,25.0,rescues,34.0
2017,UPZ,25.0,rescues,46.0
2018,UPZ,25.0,rescues,32.0
2019,UPZ,25.0,rescues,29.0
2020,UPZ,25.0,rescues,15.0
2016,UPZ,26.0,rescues,16.0
2017,UPZ,26.0,rescues,23.0
2018,UPZ,26.0,rescues,55.0
2019,UPZ,26.0,rescues,64.0
2020,UPZ,26.0,rescues,36.0
2016,UPZ,27.0,rescues,51.0
2017,UPZ,27.0,rescues,45.0
2018,UPZ,27.0,rescues,81.0
2019,UPZ,27.0,rescues,77.0
2020,UPZ,27.0,rescues,50.0
2016,UPZ,28.0,rescues,37.0
2017,UPZ,28.0,rescues,66.0
2018,UPZ,28.0,rescues,95.0
2019,UPZ,28.0,rescues,96.0
2020,UPZ,28.0,rescues,52.0
2016,UPZ,29.0,rescues,96.0
2017,UPZ,29.0,rescues,116.0
2018,UPZ,29.0,rescues,70.0
2019,UPZ,29.0,rescues,38.0
2020,UPZ,29.0,rescues,26.0
2016,UPZ,30.0,rescues,43.0
2017,UPZ,30.0,rescues,49.0
2018,UPZ,30.0,rescues,61.0
2019,UPZ,30.0,rescues,51.0
2020,UPZ,30.0,rescues,39.0
2016,UPZ,31.0,rescues,42.0
2017,UPZ,31.0,rescues,48.0
2018,UPZ,31.0,rescues,30.0
2019,UPZ,31.0,rescues,24.0
2020,UPZ,31.0,rescues,20.0
2016,UPZ,32.0,rescues,27.0
2017,UPZ,32.0,rescues,34.0
2018,UPZ,32.0,rescues,36.0
2019,UPZ,32.0,rescues,34.0
2020,UPZ,32.0,rescues,28.0
2016,UPZ,33.0,rescues,19.0
2017,UPZ,33.0,rescues,35.0
2018,UPZ,33.0,rescues,17.0
2019,UPZ,33.0,rescues,42.0
2020,UPZ,33.0,rescues,9.0
2016,UPZ,34.0,rescues,17.0
2017,UPZ,34.0,rescues,22.0
2018,UPZ,34.0,rescues,31.0
2019,UPZ,34.0,rescues,41.0
2020,UPZ,34.0,rescues,17.0
2016,UPZ,35.0,rescues,16.0
2017,UPZ,35.0,rescues,21.0
2018,UPZ,35.0,rescues,14.0
2019,UPZ,35.0,rescues,15.0
2020,UPZ,35.0,rescues,16.0
2016,UPZ,36.0,rescues,10.0
2017,UPZ,36.0,rescues,7.0
2018,UPZ,36.0,rescues,12.0
2019,UPZ,36.0,rescues,20.0
2020,UPZ,36.0,rescues,18.0
2016,UPZ,37.0,rescues,8.0
2017,UPZ,37.0,rescues,12.0
2018,UPZ,37.0,rescues,21.0
2019,UPZ,37.0,rescues,22.0
2020,UPZ,37.0,rescues,17.0
2016,UPZ,38.0,rescues,24.0
2017,UPZ,38.0,rescues,28.0
2018,UPZ,38.0,rescues,33.0
2019,UPZ,38.0,rescues,53.0
2020,UPZ,38.0,rescues,27.0
2016,UPZ,39.0,rescues,44.0
2017,UPZ,39.0,rescues,42.0
2018,UPZ,39.0,rescues,51.0
2019,UPZ,39.0,rescues,45.0
2020,UPZ,39.0,rescues,50.0
2016,UPZ,40.0,rescues,31.0
2017,UPZ,40.0,rescues,70.0
2018,UPZ,40.0,rescues,58.0
2019,UPZ,40.0,rescues,50.0
2020,UPZ,40.0,rescues,25.0
2016,UPZ,41.0,rescues,24.0
2017,UPZ,41.0,rescues,35.0
2018,UPZ,41.0,rescues,26.0
2019,UPZ,41.0,rescues,26.0
2020,UPZ,41.0,rescues,8.0
2016,UPZ,42.0,rescues,21.0
2017,UPZ,42.0,rescues,11.0
2018,UPZ,42.0,rescues,47.0
2019,UPZ,42.0,rescues,50.0
2020,UPZ,42.0,rescues,29.0
2016,UPZ,43.0,rescues,51.0
2017,UPZ,43.0,rescues,38.0
2018,UPZ,43.0,rescues,29.0
2019,UPZ,43.0,rescues,30.0
2020,UPZ,43.0,rescues,20.0
2016,UPZ,44.0,rescues,20.0
2017,UPZ,44.0,rescues,41.0
2018,UPZ,44.0,rescues,31.0
2019,UPZ,44.0,rescues,50.0
2020,UPZ,44.0,rescues,29.0
2016,UPZ,45.0,rescues,43.0
2017,UPZ,45.0,rescues,44.0
2018,UPZ,45.0,rescues,36.0
2019,UPZ,45.0,rescues,54.0
2020,UPZ,45.0,rescues,44.0
2016,UPZ,46.0,rescues,41.0
2017,UPZ,46.0,rescues,32.0
2018,UPZ,46.0,rescues,65.0
2019,UPZ,46.0,rescues,61.0
2020,UPZ,46.0,rescues,59.0
2016,UPZ,47.0,rescues,47.0
2017,UPZ,47.0,rescues,81.0
2018,UPZ,47.0,rescues,50.0
2019,UPZ,47.0,rescues,59.0
2020,UPZ,47.0,rescues,45.0
2016,UPZ,48.0,rescues,12.0
2017,UPZ,48.0,rescues,49.0
2018,UPZ,48.0,rescues,32.0
2019,UPZ,48.0,rescues,39.0
2020,UPZ,48.0,rescues,28.0
2016,UPZ,49.0,rescues,31.0
2017,UPZ,49.0,rescues,38.0
2018,UPZ,49.0,rescues,26.0
2019,UPZ,49.0,rescues,12.0
2020,UPZ,49.0,rescues,6.0
2016,UPZ,50.0,rescues,7.0
2017,UPZ,50.0,rescues,4.0
2018,UPZ,50.0,rescues,27.0
2019,UPZ,50.0,rescues,51.0
2020,UPZ,50.0,rescues,25.0
2016,UPZ,51.0,rescues,18.0
2017,UPZ,51.0,rescues,36.0
2018,UPZ,51.0,rescues,32.0
2019,UPZ,51.0,rescues,30.0
2020,UPZ,51.0,rescues,16.0
2016,UPZ,52.0,rescues,25.0
2017,UPZ,52.0,rescues,26.0
2018,UPZ,52.0,rescues,7.0
2019,UPZ,52.0,rescues,9.0
2020,UPZ,52.0,rescues,5.0
2016,UPZ,53.0,rescues,3.0
2017,UPZ,53.0,rescues,10.0
2018,UPZ,53.0,rescues,12.0
2019,UPZ,53.0,rescues,15.0
2020,UPZ,53.0,rescues,16.0
2016,UPZ,54.0,rescues,16.0
2017,UPZ,54.0,rescues,14.0
2018,UPZ,54.0,rescues,25.0
2019,UPZ,54.0,rescues,39.0
2020,UPZ,54.0,rescues,21.0
2016,UPZ,55.0,rescues,22.0
2017,UPZ,55.0,rescues,26.0
2018,UPZ,55.0,rescues,16.0
2019,UPZ,55.0,rescues,16.0
2020,UPZ,55.0,rescues,18.0
2016,UPZ,56.0,rescues,10.0
2017,UPZ,56.0,rescues,11.0
2018,UPZ,56.0,rescues,12.0
2019,UPZ,56.0,rescues,9.0
2020,UPZ,56.0,rescues,8.0
2016,UPZ,57.0,rescues,10.0
2017,UPZ,57.0,rescues,13.0
2018,UPZ,57.0,rescues,45.0
2019,UPZ,57.0,rescues,46.0
2020,UPZ,57.0,rescues,27.0
2016,UPZ,58.0,rescues,35.0
2017,UPZ,58.0,rescues,37.0
2018,UPZ,58.0,rescues,33.0
2019,UPZ,58.0,rescues,29.0
2020,UPZ,58.0,rescues,24.0
2016,UPZ,59.0,rescues,38.0
2017,UPZ,59.0,rescues,38.0
2018,UPZ,59.0,rescues,19.0
2019,UPZ,59.0,rescues,10.0
2020,UPZ,59.0,rescues,8.0
2016,UPZ,60.0,rescues,7.0
2017,UPZ,60.0,rescues,9.0
2018,UPZ,60.0,rescues,3.0
2019,UPZ,60.0,rescues,3.0
2020,UPZ,60.0,rescues,6.0
2016,UPZ,61.0,rescues,1.0
2017,UPZ,61.0,rescues,1.0
2018,UPZ,61.0,rescues,8.0
2019,UPZ,61.0,rescues,14.0
2020,UPZ,61.0,rescues,10.0
2018,UPZ,62.0,rescues,20.0
2019,UPZ,62.0,rescues,22.0
2020,UPZ,62.0,rescues,11.0
2016,UPZ,63.0,rescues,16.0
2017,UPZ,63.0,rescues,12.0
2018,UPZ,63.0,rescues,11.0
2019,UPZ,63.0,rescues,0.0
2020,UPZ,63.0,rescues,7.0
2016,UPZ,64.0,rescues,1.0
2017,UPZ,64.0,rescues,1.0
2018,UPZ,64.0,rescues,1.0
2019,UPZ,64.0,rescues,0.0
2020,UPZ,64.0,rescues,1.0
2016,UPZ,65.0,rescues,2.0
2017,UPZ,65.0,rescues,0.0
2018,UPZ,65.0,rescues,13.0
2019,UPZ,65.0,rescues,24.0
2020,UPZ,65.0,rescues,13.0
2016,UPZ,66.0,rescues,19.0
2017,UPZ,66.0,rescues,21.0
2018,UPZ,66.0,rescues,30.0
2019,UPZ,66.0,rescues,29.0
2020,UPZ,66.0,rescues,11.0
2016,UPZ,67.0,rescues,25.0
2017,UPZ,67.0,rescues,27.0
2018,UPZ,67.0,rescues,59.0
2019,UPZ,67.0,rescues,42.0
2020,UPZ,67.0,rescues,34.0
2016,UPZ,68.0,rescues,41.0
2017,UPZ,68.0,rescues,30.0
2018,UPZ,68.0,rescues,19.0
2019,UPZ,68.0,rescues,15.0
2020,UPZ,68.0,rescues,16.0
2016,UPZ,69.0,rescues,12.0
2017,UPZ,69.0,rescues,15.0
2018,UPZ,69.0,rescues,22.0
2019,UPZ,69.0,rescues,52.0
2020,UPZ,69.0,rescues,42.0
2016,UPZ,70.0,rescues,23.0
2017,UPZ,70.0,rescues,24.0
2018,UPZ,70.0,rescues,28.0
2019,UPZ,70.0,rescues,26.0
2020,UPZ,70.0,rescues,14.0
2016,UPZ,71.0,rescues,8.0
2017,UPZ,71.0,rescues,15.0
2018,UPZ,71.0,rescues,62.0
2019,UPZ,71.0,rescues,96.0
2020,UPZ,71.0,rescues,45.0
2016,UPZ,72.0,rescues,57.0
2017,UPZ,72.0,rescues,76.0
2018,UPZ,72.0,rescues,43.0
2019,UPZ,72.0,rescues,31.0
2020,UPZ,72.0,rescues,20.0
2016,UPZ,73.0,rescues,21.0
2017,UPZ,73.0,rescues,24.0
2018,UPZ,73.0,rescues,62.0
2019,UPZ,73.0,rescues,60.0
2020,UPZ,73.0,rescues,41.0
2016,UPZ,74.0,rescues,52.0
2017,UPZ,74.0,rescues,75.0
2018,UPZ,74.0,rescues,58.0
2019,UPZ,74.0,rescues,42.0
2020,UPZ,74.0,rescues,37.0
2016,UPZ,75.0,rescues,33.0
2017,UPZ,75.0,rescues,46.0
2018,UPZ,75.0,rescues,58.0
2019,UPZ,75.0,rescues,69.0
2020,UPZ,75.0,rescues,47.0
2016,UPZ,76.0,rescues,62.0
2017,UPZ,76.0,rescues,56.0
2018,UPZ,76.0,rescues,14.0
2019,UPZ,76.0,rescues,18.0
2020,UPZ,76.0,rescues,9.0
2016,UPZ,77.0,rescues,7.0
2017,UPZ,77.0,rescues,7.0
2018,UPZ,77.0,rescues,14.0
2019,UPZ,77.0,rescues,27.0
2020,UPZ,77.0,rescues,12.0
2016,UPZ,78.0,rescues,3.0
2017,UPZ,78.0,rescues,7.0
2018,UPZ,78.0,rescues,8.0
2019,UPZ,78.0,rescues,19.0
2020,UPZ,78.0,rescues,5.0
2016,UPZ,79.0,rescues,1.0
2017,UPZ,79.0,rescues,1.0
2018,UPZ,79.0,rescues,18.0
2019,UPZ,79.0,rescues,31.0
2020,UPZ,79.0,rescues,29.0
2016,UPZ,80.0,rescues,10.0
2017,UPZ,80.0,rescues,19.0
2018,UPZ,80.0,rescues,20.0
2019,UPZ,80.0,rescues,18.0
2020,UPZ,80.0,rescues,12.0
2016,UPZ,81.0,rescues,13.0
2017,UPZ,81.0,rescues,17.0
2018,UPZ,81.0,rescues,33.0
2019,UPZ,81.0,rescues,25.0
2020,UPZ,81.0,rescues,15.0
2016,UPZ,82.0,rescues,11.0
2017,UPZ,82.0,rescues,16.0
2018,UPZ,82.0,rescues,39.0
2019,UPZ,82.0,rescues,47.0
2020,UPZ,82.0,rescues,21.0
2016,UPZ,83.0,rescues,40.0
2017,UPZ,83.0,rescues,54.0
2018,UPZ,83.0,rescues,16.0
2019,UPZ,83.0,rescues,9.0
2020,UPZ,83.0,rescues,10.0
2016,UPZ,84.0,rescues,2.0
2017,UPZ,84.0,rescues,4.0
2018,UPZ,84.0,rescues,91.0
2019,UPZ,84.0,rescues,79.0
2020,UPZ,84.0,rescues,47.0
2016,UPZ,85.0,rescues,46.0
2017,UPZ,85.0,rescues,79.0
2018,UPZ,85.0,rescues,65.0
2019,UPZ,85.0,rescues,68.0
2020,UPZ,85.0,rescues,57.0
2016,UPZ,86.0,rescues,60.0
2017,UPZ,86.0,rescues,74.0
2018,UPZ,86.0,rescues,35.0
2019,UPZ,86.0,rescues,32.0
2020,UPZ,86.0,rescues,23.0
2016,UPZ,87.0,rescues,19.0
2017,UPZ,87.0,rescues,25.0
2018,UPZ,87.0,rescues,14.0
2019,UPZ,87.0,rescues,20.0
2020,UPZ,87.0,rescues,15.0
2016,UPZ,88.0,rescues,1.0
2017,UPZ,88.0,rescues,2.0
2018,UPZ,88.0,rescues,30.0
2019,UPZ,88.0,rescues,52.0
2020,UPZ,88.0,rescues,18.0
2016,UPZ,89.0,rescues,19.0
2017,UPZ,89.0,rescues,43.0
2018,UPZ,89.0,rescues,11.0
2019,UPZ,89.0,rescues,5.0
2020,UPZ,89.0,rescues,3.0
2016,UPZ,90.0,rescues,8.0
2017,UPZ,90.0,rescues,3.0
2018,UPZ,90.0,rescues,32.0
2019,UPZ,90.0,rescues,54.0
2020,UPZ,90.0,rescues,32.0
2016,UPZ,91.0,rescues,27.0
2017,UPZ,91.0,rescues,52.0
2018,UPZ,91.0,rescues,19.0
2019,UPZ,91.0,rescues,37.0
2020,UPZ,91.0,rescues,13.0
2016,UPZ,92.0,rescues,30.0
2017,UPZ,92.0,rescues,14.0
2018,UPZ,92.0,rescues,10.0
2019,UPZ,92.0,rescues,19.0
2020,UPZ,92.0,rescues,12.0
2016,UPZ,93.0,rescues,19.0
2017,UPZ,93.0,rescues,22.0
2018,UPZ,93.0,rescues,77.0
2019,UPZ,93.0,rescues,65.0
2020,UPZ,93.0,rescues,32.0
2016,UPZ,94.0,rescues,50.0
2017,UPZ,94.0,rescues,61.0
2018,UPZ,94.0,rescues,43.0
2019,UPZ,94.0,rescues,47.0
2020,UPZ,94.0,rescues,16.0
2016,UPZ,95.0,rescues,39.0
2017,UPZ,95.0,rescues,58.0
2018,UPZ,95.0,rescues,14.0
2019,UPZ,95.0,rescues,14.0
2020,UPZ,95.0,rescues,10.0
2018,UPZ,96.0,rescues,10.0
2019,UPZ,96.0,rescues,18.0
2020,UPZ,96.0,rescues,12.0
2016,UPZ,97.0,rescues,17.0
2017,UPZ,97.0,rescues,17.0
2018,UPZ,97.0,rescues,88.0
2019,UPZ,97.0,rescues,88.0
2020,UPZ,97.0,rescues,44.0
2016,UPZ,98.0,rescues,47.0
2017,UPZ,98.0,rescues,75.0
2018,UPZ,98.0,rescues,45.0
2019,UPZ,98.0,rescues,55.0
2020,UPZ,98.0,rescues,28.0
2016,UPZ,99.0,rescues,46.0
2017,UPZ,99.0,rescues,48.0
2018,UPZ,99.0,rescues,85.0
2019,UPZ,99.0,rescues,70.0
2020,UPZ,99.0,rescues,48.0
2016,UPZ,100.0,rescues,67.0
2017,UPZ,100.0,rescues,62.0
2018,UPZ,100.0,rescues,58.0
2019,UPZ,100.0,rescues,62.0
2020,UPZ,100.0,rescues,25.0
2016,UPZ,101.0,rescues,28.0
2017,UPZ,101.0,rescues,37.0
2018,UPZ,101.0,rescues,39.0
2019,UPZ,101.0,rescues,41.0
2020,UPZ,101.0,rescues,17.0
2016,UPZ,102.0,rescues,42.0
2017,UPZ,102.0,rescues,48.0
2018,UPZ,102.0,rescues,44.0
2019,UPZ,102.0,rescues,54.0
2020,UPZ,102.0,rescues,34.0
2016,UPZ,103.0,rescues,66.0
2017,UPZ,103.0,rescues,58.0
2018,UPZ,103.0,rescues,19.0
2019,UPZ,103.0,rescues,2.0
2020,UPZ,103.0,rescues,3.0
2016,UPZ,104.0,rescues,2.0
2017,UPZ,104.0,rescues,5.0
2018,UPZ,104.0,rescues,11.0
2019,UPZ,104.0,rescues,8.0
2020,UPZ,104.0,rescues,5.0
2016,UPZ,105.0,rescues,6.0
2017,UPZ,105.0,rescues,1.0
2018,UPZ,105.0,rescues,4.0
2019,UPZ,105.0,rescues,9.0
2020,UPZ,105.0,rescues,3.0
2018,UPZ,106.0,rescues,22.0
2019,UPZ,106.0,rescues,24.0
2020,UPZ,106.0,rescues,12.0
2016,UPZ,107.0,rescues,10.0
2017,UPZ,107.0,rescues,21.0
2018,UPZ,107.0,rescues,21.0
2019,UPZ,107.0,rescues,21.0
2020,UPZ,107.0,rescues,20.0
2016,UPZ,108.0,rescues,19.0
2017,UPZ,108.0,rescues,29.0
2018,UPZ,108.0,rescues,28.0
2019,UPZ,108.0,rescues,18.0
2020,UPZ,108.0,rescues,18.0
2016,UPZ,109.0,rescues,14.0
2017,UPZ,109.0,rescues,42.0
2018,UPZ,109.0,rescues,10.0
2019,UPZ,109.0,rescues,22.0
2020,UPZ,109.0,rescues,7.0
2016,UPZ,110.0,rescues,13.0
2017,UPZ,110.0,rescues,23.0
2018,UPZ,110.0,rescues,32.0
2019,UPZ,110.0,rescues,32.0
2020,UPZ,110.0,rescues,13.0
2016,UPZ,111.0,rescues,7.0
2017,UPZ,111.0,rescues,11.0
2018,UPZ,111.0,rescues,13.0
2019,UPZ,111.0,rescues,18.0
2020,UPZ,111.0,rescues,4.0
2016,UPZ,112.0,rescues,12.0
2017,UPZ,112.0,rescues,17.0
2018,UPZ,112.0,rescues,27.0
2019,UPZ,112.0,rescues,34.0
2020,UPZ,112.0,rescues,22.0
2016,UPZ,113.0,rescues,11.0
2017,UPZ,113.0,rescues,13.0
2018,UPZ,113.0,rescues,19.0
2019,UPZ,113.0,rescues,21.0
2020,UPZ,113.0,rescues,18.0
2016,UPZ,114.0,rescues,6.0
2017,UPZ,114.0,rescues,12.0
2018,UPZ,114.0,rescues,13.0
2019,UPZ,114.0,rescues,16.0
2020,UPZ,114.0,rescues,17.0
2016,UPZ,115.0,rescues,28.0
2017,UPZ,115.0,rescues,37.0
2018,UPZ,115.0,rescues,10.0
2019,UPZ,115.0,rescues,9.0
2020,UPZ,115.0,rescues,9.0
2016,UPZ,116.0,rescues,2.0
2017,UPZ,116.0,rescues,6.0
2018,UPZ,116.0,rescues,16.0
2019,UPZ,116.0,rescues,6.0
2020,UPZ,116.0,rescues,9.0
2016,UPZ,117.0,rescues,0.0
2017,UPZ,117.0,rescues,0.0
2018,UPZ,117.0,rescues,5.0
2019,UPZ,117.0,rescues,6.0
2020,UPZ,117.0,rescues,2.0
2017,UPZ,1.0,environmental_emergencies,1.0
2018,UPZ,1.0,environmental_emergencies,8.0
2019,UPZ,1.0,environmental_emergencies,18.0
2020,UPZ,1.0,environmental_emergencies,3.0
2016,UPZ,2.0,environmental_emergencies,0.0
2017,UPZ,2.0,environmental_emergencies,1.0
2018,UPZ,2.0,environmental_emergencies,6.0
2019,UPZ,2.0,environmental_emergencies,7.0
2020,UPZ,2.0,environmental_emergencies,0.0
2016,UPZ,3.0,environmental_emergencies,0.0
2017,UPZ,3.0,environmental_emergencies,0.0
2018,UPZ,3.0,environmental_emergencies,6.0
2019,UPZ,3.0,environmental_emergencies,10.0
2020,UPZ,3.0,environmental_emergencies,2.0
2018,UPZ,9.0,environmental_emergencies,12.0
2019,UPZ,9.0,environmental_emergencies,23.0
2020,UPZ,9.0,environmental_emergencies,23.0
2016,UPZ,10.0,environmental_emergencies,0.0
2017,UPZ,10.0,environmental_emergencies,20.0
2018,UPZ,10.0,environmental_emergencies,17.0
2019,UPZ,10.0,environmental_emergencies,27.0
2020,UPZ,10.0,environmental_emergencies,10.0
2016,UPZ,11.0,environmental_emergencies,0.0
2017,UPZ,11.0,environmental_emergencies,11.0
2018,UPZ,11.0,environmental_emergencies,6.0
2019,UPZ,11.0,environmental_emergencies,19.0
2020,UPZ,11.0,environmental_emergencies,10.0
2016,UPZ,12.0,environmental_emergencies,0.0
2017,UPZ,12.0,environmental_emergencies,26.0
2018,UPZ,12.0,environmental_emergencies,12.0
2019,UPZ,12.0,environmental_emergencies,19.0
2020,UPZ,12.0,environmental_emergencies,17.0
2016,UPZ,13.0,environmental_emergencies,0.0
2017,UPZ,13.0,environmental_emergencies,12.0
2018,UPZ,13.0,environmental_emergencies,72.0
2019,UPZ,13.0,environmental_emergencies,100.0
2020,UPZ,13.0,environmental_emergencies,47.0
2016,UPZ,14.0,environmental_emergencies,0.0
2017,UPZ,14.0,environmental_emergencies,56.0
2018,UPZ,14.0,environmental_emergencies,53.0
2019,UPZ,14.0,environmental_emergencies,68.0
2020,UPZ,14.0,environmental_emergencies,28.0
2016,UPZ,15.0,environmental_emergencies,0.0
2017,UPZ,15.0,environmental_emergencies,48.0
2018,UPZ,15.0,environmental_emergencies,32.0
2019,UPZ,15.0,environmental_emergencies,28.0
2020,UPZ,15.0,environmental_emergencies,9.0
2016,UPZ,16.0,environmental_emergencies,0.0
2017,UPZ,16.0,environmental_emergencies,21.0
2018,UPZ,16.0,environmental_emergencies,42.0
2019,UPZ,16.0,environmental_emergencies,53.0
2020,UPZ,16.0,environmental_emergencies,19.0
2016,UPZ,17.0,environmental_emergencies,0.0
2017,UPZ,17.0,environmental_emergencies,48.0
2018,UPZ,17.0,environmental_emergencies,32.0
2019,UPZ,17.0,environmental_emergencies,30.0
2020,UPZ,17.0,environmental_emergencies,8.0
2016,UPZ,18.0,environmental_emergencies,0.0
2017,UPZ,18.0,environmental_emergencies,21.0
2018,UPZ,18.0,environmental_emergencies,31.0
2019,UPZ,18.0,environmental_emergencies,43.0
2020,UPZ,18.0,environmental_emergencies,16.0
2016,UPZ,19.0,environmental_emergencies,0.0
2017,UPZ,19.0,environmental_emergencies,27.0
2018,UPZ,19.0,environmental_emergencies,23.0
2019,UPZ,19.0,environmental_emergencies,33.0
2020,UPZ,19.0,environmental_emergencies,22.0
2016,UPZ,20.0,environmental_emergencies,0.0
2017,UPZ,20.0,environmental_emergencies,28.0
2018,UPZ,20.0,environmental_emergencies,24.0
2019,UPZ,20.0,environmental_emergencies,14.0
2020,UPZ,20.0,environmental_emergencies,17.0
2016,UPZ,21.0,environmental_emergencies,0.0
2017,UPZ,21.0,environmental_emergencies,31.0
2018,UPZ,21.0,environmental_emergencies,5.0
2019,UPZ,21.0,environmental_emergencies,15.0
2020,UPZ,21.0,environmental_emergencies,3.0
2016,UPZ,22.0,environmental_emergencies,0.0
2017,UPZ,22.0,environmental_emergencies,16.0
2018,UPZ,22.0,environmental_emergencies,18.0
2019,UPZ,22.0,environmental_emergencies,19.0
2020,UPZ,22.0,environmental_emergencies,7.0
2016,UPZ,23.0,environmental_emergencies,0.0
2017,UPZ,23.0,environmental_emergencies,15.0
2018,UPZ,23.0,environmental_emergencies,22.0
2019,UPZ,23.0,environmental_emergencies,26.0
2020,UPZ,23.0,environmental_emergencies,16.0
2016,UPZ,24.0,environmental_emergencies,0.0
2017,UPZ,24.0,environmental_emergencies,20.0
2018,UPZ,24.0,environmental_emergencies,54.0
2019,UPZ,24.0,environmental_emergencies,92.0
2020,UPZ,24.0,environmental_emergencies,31.0
2016,UPZ,25.0,environmental_emergencies,0.0
2017,UPZ,25.0,environmental_emergencies,44.0
2018,UPZ,25.0,environmental_emergencies,16.0
2019,UPZ,25.0,environmental_emergencies,25.0
2020,UPZ,25.0,environmental_emergencies,5.0
2016,UPZ,26.0,environmental_emergencies,0.0
2017,UPZ,26.0,environmental_emergencies,13.0
2018,UPZ,26.0,environmental_emergencies,23.0
2019,UPZ,26.0,environmental_emergencies,25.0
2020,UPZ,26.0,environmental_emergencies,15.0
2016,UPZ,27.0,environmental_emergencies,0.0
2017,UPZ,27.0,environmental_emergencies,16.0
2018,UPZ,27.0,environmental_emergencies,49.0
2019,UPZ,27.0,environmental_emergencies,69.0
2020,UPZ,27.0,environmental_emergencies,25.0
2016,UPZ,28.0,environmental_emergencies,0.0
2017,UPZ,28.0,environmental_emergencies,34.0
2018,UPZ,28.0,environmental_emergencies,37.0
2019,UPZ,28.0,environmental_emergencies,48.0
2020,UPZ,28.0,environmental_emergencies,23.0
2016,UPZ,29.0,environmental_emergencies,0.0
2017,UPZ,29.0,environmental_emergencies,32.0
2018,UPZ,29.0,environmental_emergencies,23.0
2019,UPZ,29.0,environmental_emergencies,32.0
2020,UPZ,29.0,environmental_emergencies,9.0
2016,UPZ,30.0,environmental_emergencies,0.0
2017,UPZ,30.0,environmental_emergencies,34.0
2018,UPZ,30.0,environmental_emergencies,18.0
2019,UPZ,30.0,environmental_emergencies,30.0
2020,UPZ,30.0,environmental_emergencies,14.0
2016,UPZ,31.0,environmental_emergencies,0.0
2017,UPZ,31.0,environmental_emergencies,14.0
2018,UPZ,31.0,environmental_emergencies,26.0
2019,UPZ,31.0,environmental_emergencies,23.0
2020,UPZ,31.0,environmental_emergencies,13.0
2016,UPZ,32.0,environmental_emergencies,0.0
2017,UPZ,32.0,environmental_emergencies,15.0
2018,UPZ,32.0,environmental_emergencies,23.0
2019,UPZ,32.0,environmental_emergencies,20.0
2020,UPZ,32.0,environmental_emergencies,8.0
2016,UPZ,33.0,environmental_emergencies,0.0
2017,UPZ,33.0,environmental_emergencies,13.0
2018,UPZ,33.0,environmental_emergencies,10.0
2019,UPZ,33.0,environmental_emergencies,8.0
2020,UPZ,33.0,environmental_emergencies,9.0
2016,UPZ,34.0,environmental_emergencies,0.0
2017,UPZ,34.0,environmental_emergencies,9.0
2018,UPZ,34.0,environmental_emergencies,5.0
2019,UPZ,34.0,environmental_emergencies,14.0
2020,UPZ,34.0,environmental_emergencies,8.0
2016,UPZ,35.0,environmental_emergencies,0.0
2017,UPZ,35.0,environmental_emergencies,5.0
2018,UPZ,35.0,environmental_emergencies,7.0
2019,UPZ,35.0,environmental_emergencies,7.0
2020,UPZ,35.0,environmental_emergencies,3.0
2016,UPZ,36.0,environmental_emergencies,0.0
2017,UPZ,36.0,environmental_emergencies,4.0
2018,UPZ,36.0,environmental_emergencies,15.0
2019,UPZ,36.0,environmental_emergencies,15.0
2020,UPZ,36.0,environmental_emergencies,5.0
2016,UPZ,37.0,environmental_emergencies,0.0
2017,UPZ,37.0,environmental_emergencies,2.0
2018,UPZ,37.0,environmental_emergencies,5.0
2019,UPZ,37.0,environmental_emergencies,9.0
2020,UPZ,37.0,environmental_emergencies,9.0
2016,UPZ,38.0,environmental_emergencies,0.0
2017,UPZ,38.0,environmental_emergencies,4.0
2018,UPZ,38.0,environmental_emergencies,15.0
2019,UPZ,38.0,environmental_emergencies,6.0
2020,UPZ,38.0,environmental_emergencies,4.0
2016,UPZ,39.0,environmental_emergencies,0.0
2017,UPZ,39.0,environmental_emergencies,14.0
2018,UPZ,39.0,environmental_emergencies,10.0
2019,UPZ,39.0,environmental_emergencies,20.0
2020,UPZ,39.0,environmental_emergencies,5.0
2016,UPZ,40.0,environmental_emergencies,0.0
2017,UPZ,40.0,environmental_emergencies,12.0
2018,UPZ,40.0,environmental_emergencies,17.0
2019,UPZ,40.0,environmental_emergencies,24.0
2020,UPZ,40.0,environmental_emergencies,8.0
2016,UPZ,41.0,environmental_emergencies,0.0
2017,UPZ,41.0,environmental_emergencies,25.0
2018,UPZ,41.0,environmental_emergencies,4.0
2019,UPZ,41.0,environmental_emergencies,1.0
2020,UPZ,41.0,environmental_emergencies,1.0
2016,UPZ,42.0,environmental_emergencies,0.0
2017,UPZ,42.0,environmental_emergencies,23.0
2018,UPZ,42.0,environmental_emergencies,11.0
2019,UPZ,42.0,environmental_emergencies,14.0
2020,UPZ,42.0,environmental_emergencies,8.0
2016,UPZ,43.0,environmental_emergencies,0.0
2017,UPZ,43.0,environmental_emergencies,23.0
2018,UPZ,43.0,environmental_emergencies,9.0
2019,UPZ,43.0,environmental_emergencies,7.0
2020,UPZ,43.0,environmental_emergencies,6.0
2016,UPZ,44.0,environmental_emergencies,0.0
2017,UPZ,44.0,environmental_emergencies,6.0
2018,UPZ,44.0,environmental_emergencies,15.0
2019,UPZ,44.0,environmental_emergencies,11.0
2020,UPZ,44.0,environmental_emergencies,3.0
2016,UPZ,45.0,environmental_emergencies,0.0
2017,UPZ,45.0,environmental_emergencies,8.0
2018,UPZ,45.0,environmental_emergencies,4.0
2019,UPZ,45.0,environmental_emergencies,16.0
2020,UPZ,45.0,environmental_emergencies,1.0
2016,UPZ,46.0,environmental_emergencies,0.0
2017,UPZ,46.0,environmental_emergencies,11.0
2018,UPZ,46.0,environmental_emergencies,20.0
2019,UPZ,46.0,environmental_emergencies,13.0
2020,UPZ,46.0,environmental_emergencies,13.0
2016,UPZ,47.0,environmental_emergencies,0.0
2017,UPZ,47.0,environmental_emergencies,10.0
2018,UPZ,47.0,environmental_emergencies,18.0
2019,UPZ,47.0,environmental_emergencies,12.0
2020,UPZ,47.0,environmental_emergencies,4.0
2016,UPZ,48.0,environmental_emergencies,0.0
2017,UPZ,48.0,environmental_emergencies,8.0
2018,UPZ,48.0,environmental_emergencies,13.0
2019,UPZ,48.0,environmental_emergencies,15.0
2020,UPZ,48.0,environmental_emergencies,4.0
2016,UPZ,49.0,environmental_emergencies,0.0
2017,UPZ,49.0,environmental_emergencies,14.0
2018,UPZ,49.0,environmental_emergencies,3.0
2019,UPZ,49.0,environmental_emergencies,5.0
2020,UPZ,49.0,environmental_emergencies,4.0
2016,UPZ,50.0,environmental_emergencies,0.0
2017,UPZ,50.0,environmental_emergencies,2.0
2018,UPZ,50.0,environmental_emergencies,10.0
2019,UPZ,50.0,environmental_emergencies,25.0
2020,UPZ,50.0,environmental_emergencies,2.0
2016,UPZ,51.0,environmental_emergencies,0.0
2017,UPZ,51.0,environmental_emergencies,14.0
2018,UPZ,51.0,environmental_emergencies,6.0
2019,UPZ,51.0,environmental_emergencies,9.0
2020,UPZ,51.0,environmental_emergencies,4.0
2016,UPZ,52.0,environmental_emergencies,0.0
2017,UPZ,52.0,environmental_emergencies,5.0
2018,UPZ,52.0,environmental_emergencies,5.0
2019,UPZ,52.0,environmental_emergencies,2.0
2020,UPZ,52.0,environmental_emergencies,1.0
2016,UPZ,53.0,environmental_emergencies,0.0
2017,UPZ,53.0,environmental_emergencies,2.0
2018,UPZ,53.0,environmental_emergencies,1.0
2019,UPZ,53.0,environmental_emergencies,6.0
2020,UPZ,53.0,environmental_emergencies,4.0
2016,UPZ,54.0,environmental_emergencies,0.0
2017,UPZ,54.0,environmental_emergencies,9.0
2018,UPZ,54.0,environmental_emergencies,5.0
2019,UPZ,54.0,environmental_emergencies,5.0
2020,UPZ,54.0,environmental_emergencies,12.0
2016,UPZ,55.0,environmental_emergencies,0.0
2017,UPZ,55.0,environmental_emergencies,9.0
2018,UPZ,55.0,environmental_emergencies,9.0
2019,UPZ,55.0,environmental_emergencies,7.0
2020,UPZ,55.0,environmental_emergencies,3.0
2016,UPZ,56.0,environmental_emergencies,0.0
2017,UPZ,56.0,environmental_emergencies,6.0
2018,UPZ,56.0,environmental_emergencies,2.0
2019,UPZ,56.0,environmental_emergencies,2.0
2020,UPZ,56.0,environmental_emergencies,4.0
2016,UPZ,57.0,environmental_emergencies,0.0
2017,UPZ,57.0,environmental_emergencies,6.0
2018,UPZ,57.0,environmental_emergencies,7.0
2019,UPZ,57.0,environmental_emergencies,9.0
2020,UPZ,57.0,environmental_emergencies,1.0
2016,UPZ,58.0,environmental_emergencies,0.0
2017,UPZ,58.0,environmental_emergencies,6.0
2018,UPZ,58.0,environmental_emergencies,8.0
2019,UPZ,58.0,environmental_emergencies,4.0
2020,UPZ,58.0,environmental_emergencies,4.0
2016,UPZ,59.0,environmental_emergencies,0.0
2017,UPZ,59.0,environmental_emergencies,3.0
2018,UPZ,59.0,environmental_emergencies,1.0
2019,UPZ,59.0,environmental_emergencies,1.0
2020,UPZ,59.0,environmental_emergencies,0.0
2016,UPZ,60.0,environmental_emergencies,0.0
2017,UPZ,60.0,environmental_emergencies,3.0
2018,UPZ,60.0,environmental_emergencies,1.0
2019,UPZ,60.0,environmental_emergencies,0.0
2020,UPZ,60.0,environmental_emergencies,0.0
2016,UPZ,61.0,environmental_emergencies,0.0
2017,UPZ,61.0,environmental_emergencies,0.0
2018,UPZ,61.0,environmental_emergencies,5.0
2019,UPZ,61.0,environmental_emergencies,8.0
2020,UPZ,61.0,environmental_emergencies,3.0
2018,UPZ,62.0,environmental_emergencies,7.0
2019,UPZ,62.0,environmental_emergencies,3.0
2020,UPZ,62.0,environmental_emergencies,5.0
2016,UPZ,63.0,environmental_emergencies,0.0
2017,UPZ,63.0,environmental_emergencies,1.0
2018,UPZ,63.0,environmental_emergencies,0.0
2019,UPZ,63.0,environmental_emergencies,1.0
2020,UPZ,63.0,environmental_emergencies,0.0
2016,UPZ,64.0,environmental_emergencies,0.0
2017,UPZ,64.0,environmental_emergencies,1.0
2018,UPZ,64.0,environmental_emergencies,0.0
2019,UPZ,64.0,environmental_emergencies,0.0
2020,UPZ,64.0,environmental_emergencies,0.0
2016,UPZ,65.0,environmental_emergencies,0.0
2017,UPZ,65.0,environmental_emergencies,0.0
2018,UPZ,65.0,environmental_emergencies,4.0
2019,UPZ,65.0,environmental_emergencies,12.0
2020,UPZ,65.0,environmental_emergencies,4.0
2016,UPZ,66.0,environmental_emergencies,0.0
2017,UPZ,66.0,environmental_emergencies,6.0
2018,UPZ,66.0,environmental_emergencies,6.0
2019,UPZ,66.0,environmental_emergencies,3.0
2020,UPZ,66.0,environmental_emergencies,1.0
2016,UPZ,67.0,environmental_emergencies,0.0
2017,UPZ,67.0,environmental_emergencies,9.0
2018,UPZ,67.0,environmental_emergencies,4.0
2019,UPZ,67.0,environmental_emergencies,4.0
2020,UPZ,67.0,environmental_emergencies,7.0
2016,UPZ,68.0,environmental_emergencies,0.0
2017,UPZ,68.0,environmental_emergencies,15.0
2018,UPZ,68.0,environmental_emergencies,5.0
2019,UPZ,68.0,environmental_emergencies,1.0
2020,UPZ,68.0,environmental_emergencies,0.0
2016,UPZ,69.0,environmental_emergencies,0.0
2017,UPZ,69.0,environmental_emergencies,2.0
2018,UPZ,69.0,environmental_emergencies,10.0
2019,UPZ,69.0,environmental_emergencies,7.0
2020,UPZ,69.0,environmental_emergencies,8.0
2016,UPZ,70.0,environmental_emergencies,0.0
2017,UPZ,70.0,environmental_emergencies,9.0
2018,UPZ,70.0,environmental_emergencies,3.0
2019,UPZ,70.0,environmental_emergencies,10.0
2020,UPZ,70.0,environmental_emergencies,1.0
2016,UPZ,71.0,environmental_emergencies,0.0
2017,UPZ,71.0,environmental_emergencies,9.0
2018,UPZ,71.0,environmental_emergencies,16.0
2019,UPZ,71.0,environmental_emergencies,19.0
2020,UPZ,71.0,environmental_emergencies,14.0
2016,UPZ,72.0,environmental_emergencies,0.0
2017,UPZ,72.0,environmental_emergencies,27.0
2018,UPZ,72.0,environmental_emergencies,45.0
2019,UPZ,72.0,environmental_emergencies,29.0
2020,UPZ,72.0,environmental_emergencies,19.0
2016,UPZ,73.0,environmental_emergencies,0.0
2017,UPZ,73.0,environmental_emergencies,50.0
2018,UPZ,73.0,environmental_emergencies,42.0
2019,UPZ,73.0,environmental_emergencies,48.0
2020,UPZ,73.0,environmental_emergencies,13.0
2016,UPZ,74.0,environmental_emergencies,0.0
2017,UPZ,74.0,environmental_emergencies,48.0
2018,UPZ,74.0,environmental_emergencies,13.0
2019,UPZ,74.0,environmental_emergencies,22.0
2020,UPZ,74.0,environmental_emergencies,7.0
2016,UPZ,75.0,environmental_emergencies,0.0
2017,UPZ,75.0,environmental_emergencies,13.0
2018,UPZ,75.0,environmental_emergencies,19.0
2019,UPZ,75.0,environmental_emergencies,16.0
2020,UPZ,75.0,environmental_emergencies,17.0
2016,UPZ,76.0,environmental_emergencies,0.0
2017,UPZ,76.0,environmental_emergencies,16.0
2018,UPZ,76.0,environmental_emergencies,10.0
2019,UPZ,76.0,environmental_emergencies,6.0
2020,UPZ,76.0,environmental_emergencies,6.0
2016,UPZ,77.0,environmental_emergencies,0.0
2017,UPZ,77.0,environmental_emergencies,8.0
2018,UPZ,77.0,environmental_emergencies,3.0
2019,UPZ,77.0,environmental_emergencies,5.0
2020,UPZ,77.0,environmental_emergencies,1.0
2016,UPZ,78.0,environmental_emergencies,0.0
2017,UPZ,78.0,environmental_emergencies,7.0
2018,UPZ,78.0,environmental_emergencies,2.0
2019,UPZ,78.0,environmental_emergencies,0.0
2020,UPZ,78.0,environmental_emergencies,2.0
2016,UPZ,79.0,environmental_emergencies,0.0
2017,UPZ,79.0,environmental_emergencies,0.0
2018,UPZ,79.0,environmental_emergencies,4.0
2019,UPZ,79.0,environmental_emergencies,3.0
2020,UPZ,79.0,environmental_emergencies,1.0
2016,UPZ,80.0,environmental_emergencies,0.0
2017,UPZ,80.0,environmental_emergencies,1.0
2018,UPZ,80.0,environmental_emergencies,1.0
2019,UPZ,80.0,environmental_emergencies,0.0
2020,UPZ,80.0,environmental_emergencies,0.0
2016,UPZ,81.0,environmental_emergencies,0.0
2017,UPZ,81.0,environmental_emergencies,0.0
2018,UPZ,81.0,environmental_emergencies,8.0
2019,UPZ,81.0,environmental_emergencies,6.0
2020,UPZ,81.0,environmental_emergencies,3.0
2016,UPZ,82.0,environmental_emergencies,0.0
2017,UPZ,82.0,environmental_emergencies,1.0
2018,UPZ,82.0,environmental_emergencies,3.0
2019,UPZ,82.0,environmental_emergencies,7.0
2020,UPZ,82.0,environmental_emergencies,1.0
2016,UPZ,83.0,environmental_emergencies,0.0
2017,UPZ,83.0,environmental_emergencies,2.0
2018,UPZ,83.0,environmental_emergencies,0.0
2019,UPZ,83.0,environmental_emergencies,2.0
2020,UPZ,83.0,environmental_emergencies,1.0
2016,UPZ,84.0,environmental_emergencies,0.0
2017,UPZ,84.0,environmental_emergencies,1.0
2018,UPZ,84.0,environmental_emergencies,5.0
2019,UPZ,84.0,environmental_emergencies,4.0
2020,UPZ,84.0,environmental_emergencies,3.0
2016,UPZ,85.0,environmental_emergencies,0.0
2017,UPZ,85.0,environmental_emergencies,6.0
2018,UPZ,85.0,environmental_emergencies,10.0
2019,UPZ,85.0,environmental_emergencies,14.0
2020,UPZ,85.0,environmental_emergencies,2.0
2016,UPZ,86.0,environmental_emergencies,0.0
2017,UPZ,86.0,environmental_emergencies,8.0
2018,UPZ,86.0,environmental_emergencies,6.0
2019,UPZ,86.0,environmental_emergencies,2.0
2020,UPZ,86.0,environmental_emergencies,2.0
2016,UPZ,87.0,environmental_emergencies,0.0
2017,UPZ,87.0,environmental_emergencies,1.0
2018,UPZ,87.0,environmental_emergencies,0.0
2019,UPZ,87.0,environmental_emergencies,7.0
2020,UPZ,87.0,environmental_emergencies,5.0
2016,UPZ,88.0,environmental_emergencies,0.0
2017,UPZ,88.0,environmental_emergencies,0.0
2018,UPZ,88.0,environmental_emergencies,58.0
2019,UPZ,88.0,environmental_emergencies,84.0
2020,UPZ,88.0,environmental_emergencies,45.0
2016,UPZ,89.0,environmental_emergencies,0.0
2017,UPZ,89.0,environmental_emergencies,43.0
2018,UPZ,89.0,environmental_emergencies,28.0
2019,UPZ,89.0,environmental_emergencies,20.0
2020,UPZ,89.0,environmental_emergencies,14.0
2016,UPZ,90.0,environmental_emergencies,0.0
2017,UPZ,90.0,environmental_emergencies,24.0
2018,UPZ,90.0,environmental_emergencies,28.0
2019,UPZ,90.0,environmental_emergencies,63.0
2020,UPZ,90.0,environmental_emergencies,18.0
2016,UPZ,91.0,environmental_emergencies,0.0
2017,UPZ,91.0,environmental_emergencies,28.0
2018,UPZ,91.0,environmental_emergencies,20.0
2019,UPZ,91.0,environmental_emergencies,49.0
2020,UPZ,91.0,environmental_emergencies,6.0
2016,UPZ,92.0,environmental_emergencies,0.0
2017,UPZ,92.0,environmental_emergencies,10.0
2018,UPZ,92.0,environmental_emergencies,21.0
2019,UPZ,92.0,environmental_emergencies,17.0
2020,UPZ,92.0,environmental_emergencies,10.0
2016,UPZ,93.0,environmental_emergencies,0.0
2017,UPZ,93.0,environmental_emergencies,20.0
2018,UPZ,93.0,environmental_emergencies,14.0
2019,UPZ,93.0,environmental_emergencies,18.0
2020,UPZ,93.0,environmental_emergencies,4.0
2016,UPZ,94.0,environmental_emergencies,0.0
2017,UPZ,94.0,environmental_emergencies,3.0
2018,UPZ,94.0,environmental_emergencies,28.0
2019,UPZ,94.0,environmental_emergencies,22.0
2020,UPZ,94.0,environmental_emergencies,6.0
2016,UPZ,95.0,environmental_emergencies,0.0
2017,UPZ,95.0,environmental_emergencies,11.0
2018,UPZ,95.0,environmental_emergencies,3.0
2019,UPZ,95.0,environmental_emergencies,1.0
2020,UPZ,95.0,environmental_emergencies,0.0
2018,UPZ,96.0,environmental_emergencies,19.0
2019,UPZ,96.0,environmental_emergencies,19.0
2020,UPZ,96.0,environmental_emergencies,5.0
2016,UPZ,97.0,environmental_emergencies,0.0
2017,UPZ,97.0,environmental_emergencies,25.0
2018,UPZ,97.0,environmental_emergencies,63.0
2019,UPZ,97.0,environmental_emergencies,76.0
2020,UPZ,97.0,environmental_emergencies,40.0
2016,UPZ,98.0,environmental_emergencies,0.0
2017,UPZ,98.0,environmental_emergencies,91.0
2018,UPZ,98.0,environmental_emergencies,29.0
2019,UPZ,98.0,environmental_emergencies,16.0
2020,UPZ,98.0,environmental_emergencies,5.0
2016,UPZ,99.0,environmental_emergencies,0.0
2017,UPZ,99.0,environmental_emergencies,23.0
2018,UPZ,99.0,environmental_emergencies,29.0
2019,UPZ,99.0,environmental_emergencies,21.0
2020,UPZ,99.0,environmental_emergencies,10.0
2016,UPZ,100.0,environmental_emergencies,0.0
2017,UPZ,100.0,environmental_emergencies,20.0
2018,UPZ,100.0,environmental_emergencies,28.0
2019,UPZ,100.0,environmental_emergencies,22.0
2020,UPZ,100.0,environmental_emergencies,12.0
2016,UPZ,101.0,environmental_emergencies,0.0
2017,UPZ,101.0,environmental_emergencies,20.0
2018,UPZ,101.0,environmental_emergencies,32.0
2019,UPZ,101.0,environmental_emergencies,21.0
2020,UPZ,101.0,environmental_emergencies,9.0
2016,UPZ,102.0,environmental_emergencies,0.0
2017,UPZ,102.0,environmental_emergencies,18.0
2018,UPZ,102.0,environmental_emergencies,9.0
2019,UPZ,102.0,environmental_emergencies,10.0
2020,UPZ,102.0,environmental_emergencies,5.0
2016,UPZ,103.0,environmental_emergencies,0.0
2017,UPZ,103.0,environmental_emergencies,14.0
2018,UPZ,103.0,environmental_emergencies,4.0
2019,UPZ,103.0,environmental_emergencies,1.0
2020,UPZ,103.0,environmental_emergencies,1.0
2016,UPZ,104.0,environmental_emergencies,0.0
2017,UPZ,104.0,environmental_emergencies,8.0
2018,UPZ,104.0,environmental_emergencies,7.0
2019,UPZ,104.0,environmental_emergencies,5.0
2020,UPZ,104.0,environmental_emergencies,6.0
2016,UPZ,105.0,environmental_emergencies,0.0
2017,UPZ,105.0,environmental_emergencies,5.0
2018,UPZ,105.0,environmental_emergencies,0.0
2019,UPZ,105.0,environmental_emergencies,5.0
2020,UPZ,105.0,environmental_emergencies,1.0
2018,UPZ,106.0,environmental_emergencies,18.0
2019,UPZ,106.0,environmental_emergencies,11.0
2020,UPZ,106.0,environmental_emergencies,5.0
2016,UPZ,107.0,environmental_emergencies,0.0
2017,UPZ,107.0,environmental_emergencies,8.0
2018,UPZ,107.0,environmental_emergencies,23.0
2019,UPZ,107.0,environmental_emergencies,14.0
2020,UPZ,107.0,environmental_emergencies,5.0
2016,UPZ,108.0,environmental_emergencies,0.0
2017,UPZ,108.0,environmental_emergencies,7.0
2018,UPZ,108.0,environmental_emergencies,7.0
2019,UPZ,108.0,environmental_emergencies,3.0
2020,UPZ,108.0,environmental_emergencies,7.0
2016,UPZ,109.0,environmental_emergencies,0.0
2017,UPZ,109.0,environmental_emergencies,3.0
2018,UPZ,109.0,environmental_emergencies,8.0
2019,UPZ,109.0,environmental_emergencies,13.0
2020,UPZ,109.0,environmental_emergencies,5.0
2016,UPZ,110.0,environmental_emergencies,0.0
2017,UPZ,110.0,environmental_emergencies,17.0
2018,UPZ,110.0,environmental_emergencies,14.0
2019,UPZ,110.0,environmental_emergencies,24.0
2020,UPZ,110.0,environmental_emergencies,10.0
2016,UPZ,111.0,environmental_emergencies,0.0
2017,UPZ,111.0,environmental_emergencies,3.0
2018,UPZ,111.0,environmental_emergencies,14.0
2019,UPZ,111.0,environmental_emergencies,19.0
2020,UPZ,111.0,environmental_emergencies,1.0
2016,UPZ,112.0,environmental_emergencies,0.0
2017,UPZ,112.0,environmental_emergencies,12.0
2018,UPZ,112.0,environmental_emergencies,13.0
2019,UPZ,112.0,environmental_emergencies,5.0
2020,UPZ,112.0,environmental_emergencies,8.0
2016,UPZ,113.0,environmental_emergencies,0.0
2017,UPZ,113.0,environmental_emergencies,6.0
2018,UPZ,113.0,environmental_emergencies,8.0
2019,UPZ,113.0,environmental_emergencies,7.0
2020,UPZ,113.0,environmental_emergencies,2.0
2016,UPZ,114.0,environmental_emergencies,0.0
2017,UPZ,114.0,environmental_emergencies,6.0
2018,UPZ,114.0,environmental_emergencies,11.0
2019,UPZ,114.0,environmental_emergencies,15.0
2020,UPZ,114.0,environmental_emergencies,21.0
2016,UPZ,115.0,environmental_emergencies,0.0
2017,UPZ,115.0,environmental_emergencies,23.0
2018,UPZ,115.0,environmental_emergencies,9.0
2019,UPZ,115.0,environmental_emergencies,14.0
2020,UPZ,115.0,environmental_emergencies,10.0
2016,UPZ,116.0,environmental_emergencies,0.0
2017,UPZ,116.0,environmental_emergencies,6.0
2018,UPZ,116.0,environmental_emergencies,10.0
2019,UPZ,116.0,environmental_emergencies,9.0
2020,UPZ,116.0,environmental_emergencies,2.0
2016,UPZ,117.0,environmental_emergencies,0.0
2017,UPZ,117.0,environmental_emergencies,0.0
2018,UPZ,117.0,environmental_emergencies,0.0
2019,UPZ,117.0,environmental_emergencies,5.0
2020,UPZ,117.0,environmental_emergencies,0.0
2018,Localidad,09,homicides,6.0
2019,Localidad,09,homicides,11.0
2020,Localidad,09,homicides,10.0
2021,Localidad,09,homicides,16.0
2022,Localidad,09,homicides,9.0
2023,Localidad,09,homicides,16.0
2024,Localidad,09,homicides,17.0
2025,Localidad,09,homicides,23.0
2026,Localidad,09,homicides,18.0
2018,Localidad,20,homicides,0.0
2019,Localidad,20,homicides,0.0
2020,Localidad,20,homicides,1.0
2021,Localidad,20,homicides,2.0
2022,Localidad,20,homicides,1.0
2023,Localidad,20,homicides,3.0
2024,Localidad,20,homicides,0.0
2025,Localidad,20,homicides,0.0
2026,Localidad,20,homicides,0.0
2018,Localidad,18,homicides,36.0
2019,Localidad,18,homicides,31.0
2020,Localidad,18,homicides,45.0
2021,Localidad,18,homicides,45.0
2022,Localidad,18,homicides,43.0
2023,Localidad,18,homicides,40.0
2024,Localidad,18,homicides,23.0
2025,Localidad,18,homicides,39.0
2026,Localidad,18,homicides,38.0
2018,Localidad,17,homicides,0.0
2019,Localidad,17,homicides,0.0
2020,Localidad,17,homicides,1.0
2021,Localidad,17,homicides,5.0
2022,Localidad,17,homicides,2.0
2023,Localidad,17,homicides,3.0
2024,Localidad,17,homicides,3.0
2025,Localidad,17,homicides,1.0
2026,Localidad,17,homicides,3.0
2018,Localidad,13,homicides,2.0
2019,Localidad,13,homicides,3.0
2020,Localidad,13,homicides,4.0
2021,Localidad,13,homicides,7.0
2022,Localidad,13,homicides,8.0
2023,Localidad,13,homicides,6.0
2024,Localidad,13,homicides,4.0
2025,Localidad,13,homicides,4.0
2026,Localidad,13,homicides,3.0
2018,Localidad,16,homicides,11.0
2019,Localidad,16,homicides,14.0
2020,Localidad,16,homicides,32.0
2021,Localidad,16,homicides,10.0
2022,Localidad,16,homicides,8.0
2023,Localidad,16,homicides,8.0
2024,Localidad,16,homicides,13.0
2025,Localidad,16,homicides,17.0
2026,Localidad,16,homicides,17.0
2018,Localidad,14,homicides,34.0
2019,Localidad,14,homicides,36.0
2020,Localidad,14,homicides,27.0
2021,Localidad,14,homicides,36.0
2022,Localidad,14,homicides,25.0
2023,Localidad,14,homicides,22.0
2024,Localidad,14,homicides,17.0
2025,Localidad,14,homicides,23.0
2026,Localidad,14,homicides,26.0
2018,Localidad,01,homicides,14.0
2019,Localidad,01,homicides,16.0
2020,Localidad,01,homicides,27.0
2021,Localidad,01,homicides,21.0
2022,Localidad,01,homicides,13.0
2023,Localidad,01,homicides,13.0
2024,Localidad,01,homicides,22.0
2025,Localidad,01,homicides,28.0
2026,Localidad,01,homicides,22.0
2018,Localidad,02,homicides,6.0
2019,Localidad,02,homicides,4.0
2020,Localidad,02,homicides,1.0
2021,Localidad,02,homicides,4.0
2022,Localidad,02,homicides,5.0
2023,Localidad,02,homicides,6.0
2024,Localidad,02,homicides,9.0
2025,Localidad,02,homicides,5.0
2026,Localidad,02,homicides,6.0
2018,Localidad,04,homicides,22.0
2019,Localidad,04,homicides,15.0
2020,Localidad,04,homicides,29.0
2021,Localidad,04,homicides,32.0
2022,Localidad,04,homicides,18.0
2023,Localidad,04,homicides,22.0
2024,Localidad,04,homicides,23.0
2025,Localidad,04,homicides,35.0
2026,Localidad,04,homicides,33.0
2018,Localidad,05,homicides,45.0
2019,Localidad,05,homicides,39.0
2020,Localidad,05,homicides,33.0
2021,Localidad,05,homicides,32.0
2022,Localidad,05,homicides,37.0
2023,Localidad,05,homicides,28.0
2024,Localidad,05,homicides,45.0
2025,Localidad,05,homicides,31.0
2026,Localidad,05,homicides,36.0
2018,Localidad,19,homicides,111.0
2019,Localidad,19,homicides,86.0
2020,Localidad,19,homicides,97.0
2021,Localidad,19,homicides,102.0
2022,Localidad,19,homicides,90.0
2023,Localidad,19,homicides,101.0
2024,Localidad,19,homicides,89.0
2025,Localidad,19,homicides,122.0
2026,Localidad,19,homicides,94.0
2018,Localidad,07,homicides,48.0
2019,Localidad,07,homicides,41.0
2020,Localidad,07,homicides,40.0
2021,Localidad,07,homicides,64.0
2022,Localidad,07,homicides,47.0
2023,Localidad,07,homicides,58.0
2024,Localidad,07,homicides,53.0
2025,Localidad,07,homicides,44.0
2026,Localidad,07,homicides,44.0
2018,Localidad,08,homicides,69.0
2019,Localidad,08,homicides,66.0
2020,Localidad,08,homicides,63.0
2021,Localidad,08,homicides,73.0
2022,Localidad,08,homicides,66.0
2023,Localidad,08,homicides,75.0
2024,Localidad,08,homicides,92.0
2025,Localidad,08,homicides,93.0
2026,Localidad,08,homicides,71.0
2018,Localidad,10,homicides,21.0
2019,Localidad,10,homicides,32.0
2020,Localidad,10,homicides,24.0
2021,Localidad,10,homicides,23.0
2022,Localidad,10,homicides,26.0
2023,Localidad,10,homicides,35.0
2024,Localidad,10,homicides,26.0
2025,Localidad,10,homicides,17.0
2026,Localidad,10,homicides,29.0
2018,Localidad,11,homicides,46.0
2019,Localidad,11,homicides,39.0
2020,Localidad,11,homicides,35.0
2021,Localidad,11,homicides,28.0
2022,Localidad,11,homicides,35.0
2023,Localidad,11,homicides,39.0
2024,Localidad,11,homicides,28.0
2025,Localidad,11,homicides,41.0
2026,Localidad,11,homicides,40.0
2018,Localidad,06,homicides,9.0
2019,Localidad,06,homicides,30.0
2020,Localidad,06,homicides,8.0
2021,Localidad,06,homicides,18.0
2022,Localidad,06,homicides,8.0
2023,Localidad,06,homicides,13.0
2024,Localidad,06,homicides,14.0
2025,Localidad,06,homicides,13.0
2026,Localidad,06,homicides,11.0
2018,Localidad,03,homicides,11.0
2019,Localidad,03,homicides,19.0
2020,Localidad,03,homicides,18.0
2021,Localidad,03,homicides,25.0
2022,Localidad,03,homicides,27.0
2023,Localidad,03,homicides,31.0
2024,Localidad,03,homicides,37.0
2025,Localidad,03,homicides,38.0
2026,Localidad,03,homicides,40.0
2018,Localidad,15,homicides,10.0
2019,Localidad,15,homicides,4.0
2020,Localidad,15,homicides,6.0
2021,Localidad,15,homicides,6.0
2022,Localidad,15,homicides,7.0
2023,Localidad,15,homicides,8.0
2024,Localidad,15,homicides,4.0
2025,Localidad,15,homicides,3.0
2026,Localidad,15,homicides,7.0
2018,Localidad,12,homicides,5.0
2019,Localidad,12,homicides,0.0
2020,Localidad,12,homicides,5.0
2021,Localidad,12,homicides,7.0
2022,Localidad,12,homicides,3.0
2023,Localidad,12,homicides,16.0
2024,Localidad,12,homicides,13.0
2025,Localidad,12,homicides,11.0
2026,Localidad,12,homicides,7.0
2018,Localidad,09,domestic_violence,675.0
2019,Localidad,09,domestic_violence,730.0
2020,Localidad,09,domestic_violence,644.0
2021,Localidad,09,domestic_violence,514.0
2022,Localidad,09,domestic_violence,819.0
2023,Localidad,09,domestic_violence,438.0
2024,Localidad,09,domestic_violence,1164.0
2025,Localidad,09,domestic_violence,1201.0
2026,Localidad,09,domestic_violence,1273.0
2018,Localidad,20,domestic_violence,10.0
2019,Localidad,20,domestic_violence,0.0
2020,Localidad,20,domestic_violence,13.0
2021,Localidad,20,domestic_violence,0.0
2022,Localidad,20,domestic_violence,0.0
2023,Localidad,20,domestic_violence,0.0
2024,Localidad,20,domestic_violence,1.0
2025,Localidad,20,domestic_violence,0.0
2026,Localidad,20,domestic_violence,0.0
2018,Localidad,18,domestic_violence,788.0
2019,Localidad,18,domestic_violence,822.0
2020,Localidad,18,domestic_violence,820.0
2021,Localidad,18,domestic_violence,864.0
2022,Localidad,18,domestic_violence,851.0
2023,Localidad,18,domestic_violence,564.0
2024,Localidad,18,domestic_violence,764.0
2025,Localidad,18,domestic_violence,877.0
2026,Localidad,18,domestic_violence,1198.0
2018,Localidad,17,domestic_violence,60.0
2019,Localidad,17,domestic_violence,79.0
2020,Localidad,17,domestic_violence,94.0
2021,Localidad,17,domestic_violence,142.0
2022,Localidad,17,domestic_violence,495.0
2023,Localidad,17,domestic_violence,62.0
2024,Localidad,17,domestic_violence,87.0
2025,Localidad,17,domestic_violence,114.0
2026,Localidad,17,domestic_violence,97.0
2018,Localidad,13,domestic_violence,313.0
2019,Localidad,13,domestic_violence,131.0
2020,Localidad,13,domestic_violence,214.0
2021,Localidad,13,domestic_violence,310.0
2022,Localidad,13,domestic_violence,334.0
2023,Localidad,13,domestic_violence,149.0
2024,Localidad,13,domestic_violence,391.0
2025,Localidad,13,domestic_violence,631.0
2026,Localidad,13,domestic_violence,479.0
2018,Localidad,16,domestic_violence,523.0
2019,Localidad,16,domestic_violence,509.0
2020,Localidad,16,domestic_violence,565.0
2021,Localidad,16,domestic_violence,761.0
2022,Localidad,16,domestic_violence,568.0
2023,Localidad,16,domestic_violence,459.0
2024,Localidad,16,domestic_violence,318.0
2025,Localidad,16,domestic_violence,1129.0
2026,Localidad,16,domestic_violence,1322.0
2018,Localidad,14,domestic_violence,291.0
2019,Localidad,14,domestic_violence,184.0
2020,Localidad,14,domestic_violence,252.0
2021,Localidad,14,domestic_violence,287.0
2022,Localidad,14,domestic_violence,478.0
2023,Localidad,14,domestic_violence,208.0
2024,Localidad,14,domestic_violence,1581.0
2025,Localidad,14,domestic_violence,467.0
2026,Localidad,14,domestic_violence,534.0
2018,Localidad,01,domestic_violence,727.0
2019,Localidad,01,domestic_violence,711.0
2020,Localidad,01,domestic_violence,844.0
2021,Localidad,01,domestic_violence,797.0
2022,Localidad,01,domestic_violence,644.0
2023,Localidad,01,domestic_violence,518.0
2024,Localidad,01,domestic_violence,1101.0
2025,Localidad,01,domestic_violence,846.0
2026,Localidad,01,domestic_violence,974.0
2018,Localidad,02,domestic_violence,337.0
2019,Localidad,02,domestic_violence,222.0
2020,Localidad,02,domestic_violence,267.0
2021,Localidad,02,domestic_violence,303.0
2022,Localidad,02,domestic_violence,441.0
2023,Localidad,02,domestic_violence,251.0
2024,Localidad,02,domestic_violence,512.0
2025,Localidad,02,domestic_violence,390.0
2026,Localidad,02,domestic_violence,585.0
2018,Localidad,04,domestic_violence,1315.0
2019,Localidad,04,domestic_violence,1214.0
2020,Localidad,04,domestic_violence,1336.0
2021,Localidad,04,domestic_violence,1115.0
2022,Localidad,04,domestic_violence,1075.0
2023,Localidad,04,domestic_violence,883.0
2024,Localidad,04,domestic_violence,877.0
2025,Localidad,04,domestic_violence,1006.0
2026,Localidad,04,domestic_violence,1766.0
2018,Localidad,05,domestic_violence,1168.0
2019,Localidad,05,domestic_violence,968.0
2020,Localidad,05,domestic_violence,1162.0
2021,Localidad,05,domestic_violence,1038.0
2022,Localidad,05,domestic_violence,1088.0
2023,Localidad,05,domestic_violence,713.0
2024,Localidad,05,domestic_violence,898.0
2025,Localidad,05,domestic_violence,800.0
2026,Localidad,05,domestic_violence,1377.0
2018,Localidad,19,domestic_violence,2272.0
2019,Localidad,19,domestic_violence,1666.0
2020,Localidad,19,domestic_violence,2161.0
2021,Localidad,19,domestic_violence,1534.0
2022,Localidad,19,domestic_violence,2030.0
2023,Localidad,19,domestic_violence,2743.0
2024,Localidad,19,domestic_violence,1830.0
2025,Localidad,19,domestic_violence,2265.0
2026,Localidad,19,domestic_violence,2871.0
2018,Localidad,07,domestic_violence,2513.0
2019,Localidad,07,domestic_violence,2136.0
2020,Localidad,07,domestic_violence,2461.0
2021,Localidad,07,domestic_violence,2040.0
2022,Localidad,07,domestic_violence,1936.0
2023,Localidad,07,domestic_violence,1446.0
2024,Localidad,07,domestic_violence,1605.0
2025,Localidad,07,domestic_violence,1291.0
2026,Localidad,07,domestic_violence,2533.0
2018,Localidad,08,domestic_violence,2378.0
2019,Localidad,08,domestic_violence,2340.0
2020,Localidad,08,domestic_violence,2409.0
2021,Localidad,08,domestic_violence,2088.0
2022,Localidad,08,domestic_violence,2336.0
2023,Localidad,08,domestic_violence,1301.0
2024,Localidad,08,domestic_violence,2154.0
2025,Localidad,08,domestic_violence,2097.0
2026,Localidad,08,domestic_violence,2898.0
2018,Localidad,10,domestic_violence,1695.0
2019,Localidad,10,domestic_violence,1360.0
2020,Localidad,10,domestic_violence,1907.0
2021,Localidad,10,domestic_violence,1571.0
2022,Localidad,10,domestic_violence,1874.0
2023,Localidad,10,domestic_violence,823.0
2024,Localidad,10,domestic_violence,1696.0
2025,Localidad,10,domestic_violence,2345.0
2026,Localidad,10,domestic_violence,2449.0
2018,Localidad,11,domestic_violence,2040.0
2019,Localidad,11,domestic_violence,1955.0
2020,Localidad,11,domestic_violence,2151.0
2021,Localidad,11,domestic_violence,2418.0
2022,Localidad,11,domestic_violence,1988.0
2023,Localidad,11,domestic_violence,1739.0
2024,Localidad,11,domestic_violence,2641.0
2025,Localidad,11,domestic_violence,2175.0
2026,Localidad,11,domestic_violence,2741.0
2018,Localidad,06,domestic_violence,518.0
2019,Localidad,06,domestic_violence,548.0
2020,Localidad,06,domestic_violence,425.0
2021,Localidad,06,domestic_violence,398.0
2022,Localidad,06,domestic_violence,522.0
2023,Localidad,06,domestic_violence,282.0
2024,Localidad,06,domestic_violence,314.0
2025,Localidad,06,domestic_violence,515.0
2026,Localidad,06,domestic_violence,498.0
2018,Localidad,03,domestic_violence,378.0
2019,Localidad,03,domestic_violence,241.0
2020,Localidad,03,domestic_violence,359.0
2021,Localidad,03,domestic_violence,435.0
2022,Localidad,03,domestic_violence,521.0
2023,Localidad,03,domestic_violence,365.0
2024,Localidad,03,domestic_violence,299.0
2025,Localidad,03,domestic_violence,704.0
2026,Localidad,03,domestic_violence,1066.0
2018,Localidad,15,domestic_violence,231.0
2019,Localidad,15,domestic_violence,162.0
2020,Localidad,15,domestic_violence,255.0
2021,Localidad,15,domestic_violence,209.0
2022,Localidad,15,domestic_violence,296.0
2023,Localidad,15,domestic_violence,154.0
2024,Localidad,15,domestic_violence,171.0
2025,Localidad,15,domestic_violence,238.0
2026,Localidad,15,domestic_violence,325.0
2018,Localidad,12,domestic_violence,315.0
2019,Localidad,12,domestic_violence,204.0
2020,Localidad,12,domestic_violence,322.0
2021,Localidad,12,domestic_violence,342.0
2022,Localidad,12,domestic_violence,279.0
2023,Localidad,12,domestic_violence,189.0
2024,Localidad,12,domestic_violence,426.0
2025,Localidad,12,domestic_violence,611.0
2026,Localidad,12,domestic_violence,645.0
2021,ASE,ASE 1,residuos_total_t,350225.87
2022,ASE,ASE 1,residuos_total_t,414269.87
2023,ASE,ASE 1,residuos_total_t,334248.14999999997
2024,ASE,ASE 1,residuos_total_t,460459.01
2025,ASE,ASE 1,residuos_total_t,466150.18
2026,ASE,ASE 1,residuos_total_t,190469.56000000003
2021,ASE,ASE 2,residuos_total_t,582044.47
2022,ASE,ASE 2,residuos_total_t,670369.25
2023,ASE,ASE 2,residuos_total_t,514860.4
2024,ASE,ASE 2,residuos_total_t,746927.31
2025,ASE,ASE 2,residuos_total_t,792996.92
2026,ASE,ASE 2,residuos_total_t,297455.82
2021,ASE,ASE 3,residuos_total_t,336734.9
2022,ASE,ASE 3,residuos_total_t,393563.7
2023,ASE,ASE 3,residuos_total_t,306676.93
2024,ASE,ASE 3,residuos_total_t,433421.65
2025,ASE,ASE 3,residuos_total_t,458009.36
2026,ASE,ASE 3,residuos_total_t,178506.23
2021,ASE,ASE 4,residuos_total_t,228822.5
2022,ASE,ASE 4,residuos_total_t,267674.14
2023,ASE,ASE 4,residuos_total_t,211592.16
2024,ASE,ASE 4,residuos_total_t,289467.82
2025,ASE,ASE 4,residuos_total_t,307970.44
2026,ASE,ASE 4,residuos_total_t,115304.95999999999
2021,ASE,ASE 5,residuos_total_t,238990.85
2022,ASE,ASE 5,residuos_total_t,277397.85000000003
2023,ASE,ASE 5,residuos_total_t,219807.53000000003
2024,ASE,ASE 5,residuos_total_t,311505.0
2025,ASE,ASE 5,residuos_total_t,325747.17
2026,ASE,ASE 5,residuos_total_t,128954.21
2026,ASE,RPC,residuos_total_t,105510.63
