archivo,fuente_declarada,entidad,enlace_portal,extension,tamano_mb,carpeta_anio,n_filas,n_columnas,crs_epsg,tipo_geometria,columnas
cestas.geojson,Cestas,UAESP,https://datosabiertos.bogota.gov.co/dataset/cestas-bogota-d-c,.geojson,50.594,,101162.0,17,EPSG:3857,Point,IDSEQ;CODINTERNO;IDLOCALID;DIRECCION;CAPACIDAD;APROVECHAB;FECVIGDES;ORIGEN;TIPOCESTA;SERIAL;ESTADO;TIPOEMPLAZ;FECHAINSTA;NOMLOCALID;NOMTIPOCES;NOMESTADOE;NOMTIPOEMP
contenerizacion.geojson,Contenerización,UAESP,https://datosabiertos.bogota.gov.co/dataset/contenerizacion-bogota-d-c,.geojson,3.578,,11167.0,9,EPSG:3857,Point,CODINTERNO;DIRECCION;CAPACIDAD;APROVECHAB;FECVIGDES;SERIAL;FECHAINSTA;CONCESIONA;IDLOCALID_
puntos_criticos_arrojo_clandestino_residuos.geojson,Puntos críticos de arrojo clandestino,UAESP,https://datosabiertos.bogota.gov.co/dataset/puntos-criticos-arrojo-clandestino-residuos-bogota-d-c,.geojson,0.134,,478.0,6,EPSG:4326,Point,GmlID;OBJECTID;Nombre_Localidad;Frecuencia;Dirección;Observación
cuadrantepolicia.geojson,Cuadrantes de policía,MEBOG,https://datosabiertos.bogota.gov.co/dataset/cuadrantes-de-policia-bogota-d-c,.geojson,1.13,,599.0,17,EPSG:4686,Polygon,PCUNCUADRA;PCUCOSEC;PCUNOMEST;PCUNOMCAI;PCUCODIGO;PCUTELEFON;PCUCOD_ENT;PCUDESCRIP;PCUIULOCAL;PCUFECHA_C;PCUIEPOLIC;PCUIUUPLOC;PCUIUUPLAN;PCUIUSCATA;PCUIUPCUAD;Shape_Leng;Shape_Area
incidentes-atendidos-por-uaecob-2018.csv,Incidente atendido por bomberos,UAECOB,https://datosabiertos.bogota.gov.co/dataset/incidente-atendido-por-bomberos,.csv,7.771,,,35,,,FECHA DEL EVENTO;NUMERO SERVICIO;ESTACION;BARRIO;ESTRATO;UPZ;LOCALIDAD;Hora reporte;Tiempo de Respuesta;SERVICIO;CLASE DE SERVICIO;SUBCLASE DE SERVICIO;TITULO;USO;CLASE DE USO;SUBCLASE DE USO;CLASE DE VEHICULO;SUBTIPO CLASE DE VEHICULO;ORIGEN DE LA CAUSA;CAUSAS;HOMBRES EXPUESTOS;MUJERES EXPUESTAS;MENORES EXPUESTOS;HOMBRES AFECTADOS;MUJERES AFECTADAS;MENORES AFECTADOS;HOMBRES RESCATADOS;MUJERES RESCATADAS;MENORES RESCATADOS;HOMBRES HERIDOS;MUJERES HERIDAS;MENORES HERIDOS;HOMBRES SIN SIGNOS;MUJERES SIN SIGNOS;MENORES SIN SIGNOS
incidentes-atendidos-por-uaecob-corte-31-agosto-2020.csv,Incidente atendido por bomberos,UAECOB,https://datosabiertos.bogota.gov.co/dataset/incidente-atendido-por-bomberos,.csv,4.99,,,42,,,FECHA DEL EVENTO;NMERO SERVICIO;ESTACIN;LATITUD;LONGITUD;BARRIO;ESTRATO;UPZ;LOCALIDAD;Hora reporte;Tiempo de Respuesta;SERVICIO;CLASE DE SERVICIO;SUBCLASE DE SERVICIO;TITULO;USO;CLASE DE USO;SUBCLASE DE USO;CLASE DE VEHICULO;SUBTIPO CLASE DE VEHICULO;ORIGEN DE LA CAUSA;CAUSAS;HOMBRES EXPUESTOS;MUJERES EXPUESTAS;MENORES NIAS EXPUESTAS;MENORES NIOS EXPUESTOS;HOMBRES AFECTADOS;MUJERES AFECTADAS;MENORES NIAS AFECTADAS;MENORES NIOS AFECTADOS;HOMBRES RESCATADOS;MUJERES RESCATADAS;MENORES NIAS RESCATADAS;MENORES NIOS RESCATADOS;HOMBRES HERIDOS;MUJERES HERIDAS;MENORES NIAS HERIDAS;MENORES NIOS HERIDOS;HOMBRES SIN SIGNOS;MUJERES SIN SIGNOS;MENORES NIAS SIN SIGNOS;MENORES NIOS SIN SIGNOS
DAILoc.geojson,Delito de alto impacto,"Secretaría Distrital de Seguridad, Convivencia y Justicia",https://datosabiertos.bogota.gov.co/dataset/delito-de-alto-impacto-bogota-d-c,.geojson,2.239,,21.0,126,EPSG:4686,Polygon,CMIULOCAL;CMNOMLOCAL;CMMES;CMH18CONT;CMH19CONT;CMH20CONT;CMHVAR;CMHTOTAL;CMLP18CONT;CMLP19CONT;CMLP20CONT;CMLPVAR;CMLPTOTAL;CMHP18CONT;CMHP19CONT;CMHP20CONT;CMHPVAR;CMHPTOTAL;CMHR18CONT;CMHR19CONT;CMHR20CONT;CMHRVAR;CMHRTOTAL;CMHA18CONT;CMHA19CONT;CMHA20CONT;CMHAVAR;CMHATOTAL;CMHB18CONT;CMHB19CONT;CMHB20CONT;CMHBVAR;CMHBTOTAL;CMHC18CONT;CMHC19CONT;CMHC20CONT;CMHCVAR;CMHCTOTAL;CMHCE18CON;CMHCE19CON;CMHCE20CON;CMHCEVAR;CMHCETOTAL;CMHM18CONT;CMHM19CONT;CMHM20CONT;CMHMVAR;CMHMTOTAL;CMDS18CONT;CMDS19CONT;CMDS20CONT;CMDSVAR;CMDSTOTAL;CMVI18CONT;CMVI19CONT;CMVI20CONT;CMVIVAR;CMVITOTAL;CMH21CONT;CMLP21CONT;CMHP21CONT;CMHR21CONT;CMHA21CONT;CMHB21CONT;CMHCE21CON;CMHM21CONT;CMHC21CONT;CMDS21CONT;CMVI21CONT;CMH22CONT;CMLP22CONT;CMHP22CONT;CMHA22CONT;CMHB22CONT;CMHCE22CON;CMHM22CONT;CMHC22CONT;CMDS22CONT;CMVI22CONT;CMHR22CONT;CMH23CONT;CMLP23CONT;CMHP23CONT;CMHR23CONT;CMHA23CONT;CMHB23CONT;CMHCE23CON;CMHM23CONT;CMHC23CONT;CMDS23CONT;CMVI23CONT;CMH24CONT;CMLP24CONT;CMHP24CONT;CMHR24CONT;CMHA24CONT;CMHB24CONT;CMHCE24CON;CMHM24CONT;CMHC24CONT;CMDS24CONT;CMVI24CONT;CMH25CONT;CMLP25CONT;CMHP25CONT;CMHR25CONT;CMHA25CONT;CMHB25CONT;CMHCE25CON;CMHM25CONT;CMHC25CONT;CMDS25CONT;CMVI25CONT;CMH26CONT;CMLP26CONT;CMHP26CONT;CMHR26CONT;CMHA26CONT;CMHB26CONT;CMHC26CONT;CMHCE26CON;CMHM26CONT;CMDS26CONT;CMVI26CONT;SHAPE_AREA;SHAPE_LEN
incidentes-atendidos-por-uaecob-2017-1.csv,Incidente atendido por bomberos,UAECOB,https://datosabiertos.bogota.gov.co/dataset/incidente-atendido-por-bomberos,.csv,6.419,,,33,,,FECHA DEL EVENTO;ESTACION;BARRIO;ESTRATO;UPZ;LOCALIDAD;Tiempo de Respuesta;SERVICIO;CLASE DE SERVICIO;SUBCLASE DE SERVICIO;TITULO;USO;CLASE DE USO;SUBCLASE DE USO;CLASE DE VEHICULO;SUBTIPO CLASE DE VEHICULO;ORIGEN DE LA CAUSA;CAUSAS;POBLA. EXPU.HOMBRES;POBLA. EXPU.MUJERES;POBLA. EXPU.MENORES;POBLA. AFEC.HOMBRES;POBLA. AFEC.MUJERES;POBLA. AFEC.MENORES;RESCA.HOMBRES;RESCA.MUJERES;RESCA.MENORES;HERIDOS HOMBRES;HERIDOS MUJERES;HERIDOS MENORES;SIN SIGNOSHOMBRES;SIN SIGNOSMUJERES;SIN SIGNOSMENORES
ebom.geojson,Estación de bomberos,UAECOB,https://datosabiertos.bogota.gov.co/dataset/estacion-de-bomberos-para-bogota,.geojson,0.005,,17.0,5,EPSG:4686,Point,OBJECTID;EBONOMBRE;EBODIRECCI;EBOTELEFON;EBOJEFE
incidentes-atendidos-por-uaecob-2019.csv,Incidente atendido por bomberos,UAECOB,https://datosabiertos.bogota.gov.co/dataset/incidente-atendido-por-bomberos,.csv,9.528,,,42,,,FECHA DEL EVENTO;NMERO SERVICIO;ESTACIN;LATITUD;LONGITUD;BARRIO;ESTRATO;UPZ;LOCALIDAD;Hora reporte;Tiempo de Respuesta;SERVICIO;CLASE DE SERVICIO;SUBCLASE DE SERVICIO;TITULO;USO;CLASE DE USO;SUBCLASE DE USO;CLASE DE VEHICULO;SUBTIPO CLASE DE VEHICULO;ORIGEN DE LA CAUSA;CAUSAS;HOMBRES EXPUESTOS;MUJERES EXPUESTAS;MENORES NIAS EXPUESTAS;MENORES NIOS EXPUESTOS;HOMBRES AFECTADOS;MUJERES AFECTADAS;MENORES NIAS AFECTADAS;MENORES NIOS AFECTADOS;HOMBRES RESCATADOS;MUJERES RESCATADAS;MENORES NIAS RESCATADAS;MENORES NIOS RESCATADOS;HOMBRES HERIDOS;MUJERES HERIDAS;MENORES NIAS HERIDAS;MENORES NIOS HERIDOS;HOMBRES SIN SIGNOS;MUJERES SIN SIGNOS;MENORES NIAS SIN SIGNOS;MENORES NIOS SIN SIGNOS
IRLoc.geojson,Mapa de Referencia — localidades,IDECA,https://datosabiertos.bogota.gov.co/dataset/mapa-de-referencia,.geojson,2.23,,21.0,104,EPSG:4686,Polygon,CMIULOCAL;CMNOMLOCAL;CMMES;CMR18CONT;CMR19CONT;CMR20CONT;CMRVAR;CMRTOTAL;CMN18CONT;CMN19CONT;CMN20CONT;CMNVAR;CMNTOTAL;CMAOP18CON;CMAOP19CON;CMAOP20CON;CMAOPVAR;CMAOPTOTAL;CMMM18CONT;CMMM19CONT;CMMM20CONT;CMMMVAR;CMMMTOTAL;CMR21CONT;CMN21CONT;CMAOP21CON;CMMM21CONT;CMR22CONT;CMN22CONT;CMAOP22CON;CMMM22CONT;CMR23CONT;CMN23CONT;CMAOP23CON;CMMM23CONT;CMM18CONT;CMM19CONT;CMM20CONT;CMM21CONT;CMM22CONT;CMM23CONT;CMMVAR;CMMTOTAL;CMR24CONT;CMN24CONT;CMAOP24CON;CMMM24CONT;CMM24CONT;CMR25CONT;CMN25CONT;CMAOP25CON;CMMM25CONT;CMM25CONT;CMD18CONT;CMD19CONT;CMD20CONT;CMD21CONT;CMD22CONT;CMD23CONT;CMD24CONT;CMD25CONT;CMDVAR;CMDTOTAL;CMPIA18CON;CMPIA19CON;CMPIA20CON;CMPIA21CON;CMPIA22CON;CMPIA23CON;CMPIA24CON;CMPIA25CON;CMPIAVAR;CMPIATOTAL;CMH18CONT;CMH19CONT;CMH20CONT;CMH21CONT;CMH22CONT;CMH23CONT;CMH24CONT;CMH25CONT;CMHVAR;CMHTOTAL;CMHC18CONT;CMHC19CONT;CMHC20CONT;CMHC21CONT;CMHC22CONT;CMHC23CONT;CMHC24CONT;CMHC25CONT;CMHCVAR;CMHCTOTAL;CMR26CONT;CMN26CONT;CMAOP26CON;CMMM26CONT;CMM26CONT;CMD26CONT;CMPIA26CON;CMH26CONT;CMHC26CONT;SHAPE_AREA;SHAPE_LEN
incidentes-atendidos-por-uaecob-2016.csv,Incidente atendido por bomberos,UAECOB,https://datosabiertos.bogota.gov.co/dataset/incidente-atendido-por-bomberos,.csv,7.282,,,33,,,FECHA DEL EVENTO;ESTACION;BARRIO;ESTRATO;UPZ;LOCALIDAD;Tiempo de Respuesta;SERVICIO;CLASE DE SERVICIO;SUBCLASE DE SERVICIO;TITULO;USO;CLASE DE USO;SUBCLASE DE USO;CLASE DE VEHICULO;SUBTIPO CLASE DE VEHICULO;ORIGEN DE LA CAUSA;CAUSAS;POBLA. EXPU.HOMBRES;POBLA. EXPU.MUJERES;POBLA. EXPU.MENORES;POBLA. AFEC.HOMBRES;POBLA. AFEC.MUJERES;POBLA. AFEC.MENORES;RESCA.HOMBRES;RESCA.MUJERES;RESCA.MENORES;HERIDOS HOMBRES;HERIDOS MUJERES;HERIDOS MENORES;SIN SIGNOSHOMBRES;SIN SIGNOSMUJERES;SIN SIGNOSMENORES
IRUPZ.geojson,Mapa de Referencia — UPZ,IDECA,https://datosabiertos.bogota.gov.co/dataset/mapa-de-referencia,.geojson,3.432,,117.0,104,EPSG:4686,Unknown,CMIUUPLA;CMNOMUPLA;CMMES;CMR18CONT;CMR19CONT;CMR20CONT;CMRVAR;CMRTOTAL;CMN18CONT;CMN19CONT;CMN20CONT;CMNVAR;CMNTOTAL;CMAOP18CON;CMAOP19CON;CMAOP20CON;CMAOPVAR;CMAOPTOTAL;CMMM18CONT;CMMM19CONT;CMMM20CONT;CMMMVAR;CMMMTOTAL;CMR21CONT;CMN21CONT;CMAOP21CON;CMMM21CONT;CMR22CONT;CMN22CONT;CMAOP22CON;CMMM22CONT;CMR23CONT;CMN23CONT;CMAOP23CON;CMMM23CONT;CMM18CONT;CMM19CONT;CMM20CONT;CMM21CONT;CMM22CONT;CMM23CONT;CMMVAR;CMMTOTAL;CMR24CONT;CMN24CONT;CMAOP24CON;CMMM24CONT;CMM24CONT;CMR25CONT;CMN25CONT;CMAOP25CON;CMMM25CONT;CMM25CONT;CMD18CONT;CMD19CONT;CMD20CONT;CMD21CONT;CMD22CONT;CMD23CONT;CMD24CONT;CMD25CONT;CMDVAR;CMDTOTAL;CMPIA18CON;CMPIA19CON;CMPIA20CON;CMPIA21CON;CMPIA22CON;CMPIA23CON;CMPIA24CON;CMPIA25CON;CMPIAVAR;CMPIATOTAL;CMH18CONT;CMH19CONT;CMH20CONT;CMH21CONT;CMH22CONT;CMH23CONT;CMH24CONT;CMH25CONT;CMHVAR;CMHTOTAL;CMHC18CONT;CMHC19CONT;CMHC20CONT;CMHC21CONT;CMHC22CONT;CMHC23CONT;CMHC24CONT;CMHC25CONT;CMHCVAR;CMHCTOTAL;CMR26CONT;CMN26CONT;CMAOP26CON;CMMM26CONT;CMM26CONT;CMD26CONT;CMPIA26CON;CMH26CONT;CMHC26CONT;SHAPE_AREA;SHAPE_LEN
manzanaestratificacion.json,"Estratificación para Bogotá (manzana) — 14ª fuente, incorporada tras el proxy",Secretaría Distrital de Planeación,https://datosabiertos.bogota.gov.co/dataset/estratificacion-para-bogota,.json,79.438,,44260.0,14,"PROJCS[""PCS_CarMAGBOG"",GEOGCS[""GCS_CarMAGBOG"",DATUM[""CGS_CarMAGBOG"",SPHEROID[""GRS80 Mod"",6380687,298.257222101]],PRIMEM[""Greenwich"",0],UNIT[""Degree"",0.0174532925199433]],PROJECTION[""Transverse_Mercator""],PARAMETER[""latitude_of_origin"",4.680486111],PARAMETER[""central_meridian"",-74.14659167],PARAMETER[""scale_factor"",1],PARAMETER[""false_easting"",92334.879],PARAMETER[""false_northing"",109320.965],UNIT[""metre"",1,AUTHORITY[""EPSG"",""9001""]],AXIS[""Easting"",EAST],AXIS[""Northing"",NORTH]]",Polygon,OBJECTID;CODIGO_MANZANA;ESTRATO;CODIGO_ZONA_ESTRATO;CODIGO_CRITERIO;NORMATIVA;ACTO_ADMINISTRATIVO;NUMERO_ACTO_ADMINISTRATIVO;FECHA_ACTO_ADMINISTRATIVO;ESCALA_CAPTURA;FECHA_CAPTURA;RESPONSABLE;Shape_Length;Shape_Area
Esoc.csv,Estrato socioeconómico,Secretaría Distrital de Planeación / IDECA,https://datosabiertos.bogota.gov.co/dataset/estrato-socioeconomico-bogota-d-c,.csv,76.964,,,3,,,ESoCLote;ESoChip;ESoEstrato
macrorutas_de_barrido.geojson,Macrorutas de barrido,UAESP,https://datosabiertos.bogota.gov.co/dataset/macrorutas-de-barrido-bogota-d-c,.geojson,33.782,,179.0,9,EPSG:4326,MultiPolygon,GmlID;OBJECTID;Fecha_inicio_vigencia;Nombre_Localidad;Hora_fin_Recolección;Hora_Inicio_Recolección;Identificador_Frecuencia;SHAPE.AREA;SHAPE.LEN
indicadores-urbanos-habitat-en-cifras-en-las-localidades.xlsx,Hábitat en cifras — indicadores urbanos,Secretaría Distrital del Hábitat,https://datosabiertos.bogota.gov.co/dataset/habitat-en-cifras-en-las-localidades-indicadores-urbanos,.xlsx,0.024,,,6,,,categoria;indicador;año;localidad;valor;fuente
2017/data_set_noviembre_2017_rbl.csv,Datos de residuos recogidos (RBL),UAESP,https://datosabiertos.bogota.gov.co/dataset/datos-residuos-recogidos-rbl-uaesp,.csv,0.001,2017,,9,,,NOVIEMBRE 2017;Unnamed: 1;Unnamed: 2;Unnamed: 3;Unnamed: 4;Unnamed: 5;Unnamed: 6;Unnamed: 7;Unnamed: 8
2024/data-set-enero-2024.xlsx,Datos de residuos recogidos (RBL),UAESP,https://datosabiertos.bogota.gov.co/dataset/datos-residuos-recogidos-rbl-uaesp,.xlsx,0.014,2024,,11,,,"Año/Mes Formato (dd-mmm-yy);ASE y Concesionario;Residuos Recogidos Domiciliarios (t/mes) ;Residuos de Recogidos de Barrido (t/mes) ;Residuos de Recogidos de Corte Césped (t/mes) ;Residuos de Recogidos de Grandes Generadores (t/mes) ;Residuos Domiciliarios especiales;Recolección de Arrojo Clandestino (Atención críticos clandestinos y otros1077, recolección residuos voluminosos, residuos clandestinos indisciplinados) ;Residuos de arrojo clandestino en punto limpio;Residuos de Recogidos de Poda Árboles (t/mes) ;Total Residuos Recogidos (t/mes) "
2024/data-set-octubre-2024rbl.xlsx,Datos de residuos recogidos (RBL),UAESP,https://datosabiertos.bogota.gov.co/dataset/datos-residuos-recogidos-rbl-uaesp,.xlsx,0.011,2024,,10,,,"Año/Mes Formato (dd-mmm-yy);ASE y Concesionario;Residuos Recogidos Domiciliarios (t/mes) ;Residuos de Recogidos de Barrido (t/mes) ;Residuos de Recogidos de Corte Césped (t/mes) ;Residuos de Recogidos de Grandes Generadores (t/mes) ;Residuos Domiciliarios especiales;Recolección de Arrojo Clandestino (Atención críticos clandestinos y otros1077, recolección residuos voluminosos, residuos clandestinos indisciplinados) ;Residuos de Recogidos de Poda Árboles (t/mes) ;Total Residuos Recogidos (t/mes) "
2024/data-set-noviembre-2024rbl.xlsx,Datos de residuos recogidos (RBL),UAESP,https://datosabiertos.bogota.gov.co/dataset/datos-residuos-recogidos-rbl-uaesp,.xlsx,0.011,2024,,10,,,"Año/Mes Formato (dd-mmm-yy);ASE y Concesionario;Residuos Recogidos Domiciliarios (t/mes) ;Residuos de Recogidos de Barrido (t/mes) ;Residuos de Recogidos de Corte Césped (t/mes) ;Residuos de Recogidos de Grandes Generadores (t/mes) ;Residuos Domiciliarios especiales;Recolección de Arrojo Clandestino (Atención críticos clandestinos y otros1077, recolección residuos voluminosos, residuos clandestinos indisciplinados) ;Residuos de Recogidos de Poda Árboles (t/mes) ;Total Residuos Recogidos (t/mes) "
2024/data-set-mayo-2024.xlsx,Datos de residuos recogidos (RBL),UAESP,https://datosabiertos.bogota.gov.co/dataset/datos-residuos-recogidos-rbl-uaesp,.xlsx,0.011,2024,,10,,,´MAYO 2024;Unnamed: 1;Unnamed: 2;Unnamed: 3;Unnamed: 4;Unnamed: 5;Unnamed: 6;Unnamed: 7;Unnamed: 8;Unnamed: 9
2024/data-set-julio-2024.xlsx,Datos de residuos recogidos (RBL),UAESP,https://datosabiertos.bogota.gov.co/dataset/datos-residuos-recogidos-rbl-uaesp,.xlsx,0.011,2024,,10,,,"Año/Mes Formato (dd-mmm-yy);ASE y Concesionario;Residuos Recogidos Domiciliarios (t/mes) ;Residuos de Recogidos de Barrido (t/mes) ;Residuos de Recogidos de Corte Césped (t/mes) ;Residuos de Recogidos de Grandes Generadores (t/mes) ;Residuos Domiciliarios especiales;Recolección de Arrojo Clandestino (Atención críticos clandestinos y otros1077, recolección residuos voluminosos, residuos clandestinos indisciplinados) ;Residuos de Recogidos de Poda Árboles (t/mes) ;Total Residuos Recogidos (t/mes) "
2024/data-set-abril-2024.xlsx,Datos de residuos recogidos (RBL),UAESP,https://datosabiertos.bogota.gov.co/dataset/datos-residuos-recogidos-rbl-uaesp,.xlsx,0.015,2024,,11,,,"Año/Mes Formato (dd-mmm-yy);ASE y Concesionario;Residuos Recogidos Domiciliarios (t/mes) ;Residuos de Recogidos de Barrido (t/mes) ;Residuos de Recogidos de Corte Césped (t/mes) ;Residuos de Recogidos de Grandes Generadores (t/mes) ;Residuos Domiciliarios especiales;Recolección de Arrojo Clandestino (Atención críticos clandestinos y otros1077, recolección residuos voluminosos, residuos clandestinos indisciplinados) ;Residuos de arrojo clandestino en punto limpio;Residuos de Recogidos de Poda Árboles (t/mes) ;Total Residuos Recogidos (t/mes) "
2024/data-set-marzo-2024.xlsx,Datos de residuos recogidos (RBL),UAESP,https://datosabiertos.bogota.gov.co/dataset/datos-residuos-recogidos-rbl-uaesp,.xlsx,0.014,2024,,11,,,"Año/Mes Formato (dd-mmm-yy);ASE y Concesionario;Residuos Recogidos Domiciliarios (t/mes) ;Residuos de Recogidos de Barrido (t/mes) ;Residuos de Recogidos de Corte Césped (t/mes) ;Residuos de Recogidos de Grandes Generadores (t/mes) ;Residuos Domiciliarios especiales;Recolección de Arrojo Clandestino (Atención críticos clandestinos y otros1077, recolección residuos voluminosos, residuos clandestinos indisciplinados) ;Residuos de arrojo clandestino en punto limpio;Residuos de Recogidos de Poda Árboles (t/mes) ;Total Residuos Recogidos (t/mes) "
2024/data-set-diciembre-2024rbl.xlsx,Datos de residuos recogidos (RBL),UAESP,https://datosabiertos.bogota.gov.co/dataset/datos-residuos-recogidos-rbl-uaesp,.xlsx,0.011,2024,,10,,,DICIEMBRE 2024;Unnamed: 1;Unnamed: 2;Unnamed: 3;Unnamed: 4;Unnamed: 5;Unnamed: 6;Unnamed: 7;Unnamed: 8;Unnamed: 9
2024/data-set-septiembre-2024.xlsx,Datos de residuos recogidos (RBL),UAESP,https://datosabiertos.bogota.gov.co/dataset/datos-residuos-recogidos-rbl-uaesp,.xlsx,0.011,2024,,10,,,SEPTIEMBRE 2024;Unnamed: 1;Unnamed: 2;Unnamed: 3;Unnamed: 4;Unnamed: 5;Unnamed: 6;Unnamed: 7;Unnamed: 8;Unnamed: 9
2024/data-set-agosto-2024.xlsx,Datos de residuos recogidos (RBL),UAESP,https://datosabiertos.bogota.gov.co/dataset/datos-residuos-recogidos-rbl-uaesp,.xlsx,0.011,2024,,10,,,"Año/Mes Formato (dd-mmm-yy);ASE y Concesionario;Residuos Recogidos Domiciliarios (t/mes) ;Residuos de Recogidos de Barrido (t/mes) ;Residuos de Recogidos de Corte Césped (t/mes) ;Residuos de Recogidos de Grandes Generadores (t/mes) ;Residuos Domiciliarios especiales;Recolección de Arrojo Clandestino (Atención críticos clandestinos y otros1077, recolección residuos voluminosos, residuos clandestinos indisciplinados) ;Residuos de Recogidos de Poda Árboles (t/mes) ;Total Residuos Recogidos (t/mes) "
2024/data-set-junio-2024.xlsx,Datos de residuos recogidos (RBL),UAESP,https://datosabiertos.bogota.gov.co/dataset/datos-residuos-recogidos-rbl-uaesp,.xlsx,0.011,2024,,10,,,"Año/Mes Formato (dd-mmm-yy);ASE y Concesionario;Residuos Recogidos Domiciliarios (t/mes) ;Residuos de Recogidos de Barrido (t/mes) ;Residuos de Recogidos de Corte Césped (t/mes) ;Residuos de Recogidos de Grandes Generadores (t/mes) ;Residuos Domiciliarios especiales;Recolección de Arrojo Clandestino (Atención críticos clandestinos y otros1077, recolección residuos voluminosos, residuos clandestinos indisciplinados) ;Residuos de Recogidos de Poda Árboles (t/mes) ;Total Residuos Recogidos (t/mes) "
2024/data-set-febrero-2024.xlsx,Datos de residuos recogidos (RBL),UAESP,https://datosabiertos.bogota.gov.co/dataset/datos-residuos-recogidos-rbl-uaesp,.xlsx,0.014,2024,,11,,,"Año/Mes Formato (dd-mmm-yy);ASE y Concesionario;Residuos Recogidos Domiciliarios (t/mes) ;Residuos de Recogidos de Barrido (t/mes) ;Residuos de Recogidos de Corte Césped (t/mes) ;Residuos de Recogidos de Grandes Generadores (t/mes) ;Residuos Domiciliarios especiales;Recolección de Arrojo Clandestino (Atención críticos clandestinos y otros1077, recolección residuos voluminosos, residuos clandestinos indisciplinados) ;Residuos de arrojo clandestino en punto limpio;Residuos de Recogidos de Poda Árboles (t/mes) ;Total Residuos Recogidos (t/mes) "
2026/data-_set_mayo_2026_srbl.xlsx,Datos de residuos recogidos (RBL),UAESP,https://datosabiertos.bogota.gov.co/dataset/datos-residuos-recogidos-rbl-uaesp,.xlsx,0.011,2026,,10,,,MAYO 2026_FUENTE SUBDIRECCION DE DISPOSICION FINAL  UAESP  - INTER DJ  Radicado UAESP ;Unnamed: 1;Unnamed: 2;Unnamed: 3;Unnamed: 4;Unnamed: 5;Unnamed: 6;Unnamed: 7;Unnamed: 8;Unnamed: 9
2026/data-_set_feb_2026_srbl.xlsx,Datos de residuos recogidos (RBL),UAESP,https://datosabiertos.bogota.gov.co/dataset/datos-residuos-recogidos-rbl-uaesp,.xlsx,0.012,2026,,10,,,"Año/Mes Formato (dd-mmm-yy);ASE y Concesionario;Residuos Recogidos Domiciliarios (t/mes) ;Residuos de Recogidos de Barrido (t/mes) ;Residuos de Recogidos de Corte Césped (t/mes) ;Residuos de Recogidos de Grandes Generadores (t/mes) ;Residuos Domiciliarios especiales;Recolección de Arrojo Clandestino (Atención críticos clandestinos y otros1077, recolección residuos voluminosos, residuos clandestinos indisciplinados) ;Residuos de Recogidos de Poda Árboles (t/mes) ;Total Residuos Recogidos (t/mes) "
2026/data-_set_marzo_2026_srbl.xlsx,Datos de residuos recogidos (RBL),UAESP,https://datosabiertos.bogota.gov.co/dataset/datos-residuos-recogidos-rbl-uaesp,.xlsx,0.01,2026,,10,,,"Año/Mes Formato (dd-mmm-yy);ASE y Concesionario;Residuos Recogidos Domiciliarios (t/mes) ;Residuos de Recogidos de Barrido (t/mes) ;Residuos de Recogidos de Corte Césped (t/mes) ;Residuos de Recogidos de Grandes Generadores (t/mes) ;Residuos Domiciliarios especiales;Recolección de Arrojo Clandestino (Atención críticos clandestinos y otros1077, recolección residuos voluminosos, residuos clandestinos indisciplinados) ;Residuos de Recogidos de Poda Árboles (t/mes) ;Total Residuos Recogidos (t/mes) "
2026/data-_set_abril_2026_srbl.xlsx,Datos de residuos recogidos (RBL),UAESP,https://datosabiertos.bogota.gov.co/dataset/datos-residuos-recogidos-rbl-uaesp,.xlsx,0.012,2026,,10,,,"Año/Mes Formato (dd-mmm-yy);ASE y Concesionario;Residuos Recogidos Domiciliarios (t/mes) ;Residuos de Recogidos de Barrido (t/mes) ;Residuos de Recogidos de Corte Césped (t/mes) ;Residuos de Recogidos de Grandes Generadores (t/mes) ;Residuos Domiciliarios especiales;Recolección de Arrojo Clandestino (Atención críticos clandestinos y otros1077, recolección residuos voluminosos, residuos clandestinos indisciplinados) ;Residuos de Recogidos de Poda Árboles (t/mes) ;Total Residuos Recogidos (t/mes) "
2026/data-_set_enero_2026_srbl.xlsx,Datos de residuos recogidos (RBL),UAESP,https://datosabiertos.bogota.gov.co/dataset/datos-residuos-recogidos-rbl-uaesp,.xlsx,0.012,2026,,10,,,"Año/Mes Formato (dd-mmm-yy);ASE y Concesionario;Residuos Recogidos Domiciliarios (t/mes) ;Residuos de Recogidos de Barrido (t/mes) ;Residuos de Recogidos de Corte Césped (t/mes) ;Residuos de Recogidos de Grandes Generadores (t/mes) ;Residuos Domiciliarios especiales;Recolección de Arrojo Clandestino (Atención críticos clandestinos y otros1077, recolección residuos voluminosos, residuos clandestinos indisciplinados) ;Residuos de Recogidos de Poda Árboles (t/mes) ;Total Residuos Recogidos (t/mes) "
2019/julio-2019-rbl-residuos.csv,Datos de residuos recogidos (RBL),UAESP,https://datosabiertos.bogota.gov.co/dataset/datos-residuos-recogidos-rbl-uaesp,.csv,0.001,2019,,3,,,Ano/Mes Formato (dd-mmm-yy);ASE y Concesionario;Residuos Recogidos Domiciliarios (toneladas/mes) ;Residuos de Recogidos de Barrido (toneladas/mes) ;Residuos de Recogidos de Corte Cesped (toneladas/mes) ;Residuos de Recogidos de Grandes Generadores (toneladas/mes) ;Residuos Domiciliarios especiales;Recoleccion de Arrojo Clandestino (Atencion crticos clandestinos y otros1077; recoleccion residuos voluminosos; residuos clandestinos indisciplinados) ;Residuos de Recogidos de Poda arboles (toneladas/mes) ;Total Residuos Recogidos (toneladas /mes) 
2019/metadata_recoleccion_barrido_limpieza_2019.csv,Datos de residuos recogidos (RBL),UAESP,https://datosabiertos.bogota.gov.co/dataset/datos-residuos-recogidos-rbl-uaesp,.csv,0.002,2019,,2,,,METADATA      Subdireccin de  Recoleccin Barrido  y Limpieza (RBL)                                                                      Fuente Subdireccin de Disposicin Final  Uaesp INTER DJ Radicado UAESP 2018-700-023711-2   05/07/2018                                                                                                                                            JUNIO 30  de 2018                                                                                                                                                                                                                                                                                                                                                                                                         ;Unnamed: 1
2019/data-set-mayo-2019.csv,Datos de residuos recogidos (RBL),UAESP,https://datosabiertos.bogota.gov.co/dataset/datos-residuos-recogidos-rbl-uaesp,.csv,0.001,2019,,9,,,ASE y Concesionario;Residuos  Domiciliario;Residuos de  de Barrido  ;Residuos de  de Corte Csped  ;   Grandes Generadores; Domiciliarios especiales;Recoleccin de Arrojo Clandestino Atencin crticos ;Residuos Poda rboles;Total 
2019/junio-2019-rbl-residuos.csv,Datos de residuos recogidos (RBL),UAESP,https://datosabiertos.bogota.gov.co/dataset/datos-residuos-recogidos-rbl-uaesp,.csv,0.001,2019,,3,,,Ano/Mes Formato (dd-mmm-yy);ASE y Concesionario;Residuos Recogidos Domiciliarios (toneladas/mes) ;Residuos de Recogidos de Barrido (toneladas/mes) ;Residuos de Recogidos de Corte Cesped (toneladas/mes) ;Residuos de Recogidos de Grandes Generadores (toneladas/mes) ;Residuos Domiciliarios especiales;Recoleccion de Arrojo Clandestino (Atencin criticos clandestinos y otros1077; recoleccin residuos voluminosos; residuos clandestinos indisciplinados) ;Residuos de Recogidos de Poda arboles (toneladas/mes) ;Total Residuos Recogidos (toneladas/mes) 
2019/noviembre-2019-rbl-residuos.csv,Datos de residuos recogidos (RBL),UAESP,https://datosabiertos.bogota.gov.co/dataset/datos-residuos-recogidos-rbl-uaesp,.csv,0.001,2019,,12,,,Operador y Zona;Residuos Recogidos Domiciliarios (t/mes) ;Residuos de Recogidos de Barrido (t/mes) ;Residuos de Recogidos de Corte Cesped (t/mes) ;Residuos de Recogidos de Grandes Generadores (t/mes) ;Residuos Mixtos Recogidos - (Ordinarios y Escombros) (t/mes) ;Residuos de Recogidos de Poda arboles (t/mes) ;Total Residuos Recogidos (t/mes) ;Unnamed: 8;Unnamed: 9;Unnamed: 10;Unnamed: 11
2019/data_set-enero_2019_rbl.csv,Datos de residuos recogidos (RBL),UAESP,https://datosabiertos.bogota.gov.co/dataset/datos-residuos-recogidos-rbl-uaesp,.csv,0.001,2019,,10,,,Area de Servicio Exclusivo y Concesionario; Recogidos Domiciliarios ;  Barrido ;  Corte Csped ;Grandes Generadores ; Domiciliarios especiales;Recoleccin de Arrojo Clandestino ; Poda rboles ;Total Residuos Recogidos ;Unnamed: 9
2019/enero-2019-rbl-residuos.csv,Datos de residuos recogidos (RBL),UAESP,https://datosabiertos.bogota.gov.co/dataset/datos-residuos-recogidos-rbl-uaesp,.csv,0.001,2019,,9,,,ASE y Concesionario;Residuos Recogidos Domiciliarios (toneladas/mes) ;Residuos de Recogidos de Barrido (toneladas/mes) ;Residuos de Recogidos de Corte Cesped (toneladas/mes) ;Residuos de Recogidos de Grandes Generadores (toneladas/mes) ;Actividades Complementarias  - Voluminosos;Residuos Mixtos Recogidos - (Ordinarios y Escombros) (toneladas/mes) ;Residuos de Recogidos de Poda arboles (toneladas/mes) ;Total Residuos Recogidos (toneladas/mes) 
2019/mayo-2019-rbl-residuos.csv,Datos de residuos recogidos (RBL),UAESP,https://datosabiertos.bogota.gov.co/dataset/datos-residuos-recogidos-rbl-uaesp,.csv,0.001,2019,,10,,,Operador y Zona;Residuos Recogidos Domiciliarios (t/mes) ;Residuos de Recogidos de Barrido (t/mes) ;Residuos de Recogidos de Corte Cesped (t/mes) ;Residuos de Recogidos de Grandes Generadores (t/mes) ;Residuos Mixtos Recogidos - (Ordinarios y Escombros) (t/mes) ;Recoleccin de Arrojo Clandestino Atencin crticos ;Residuos de Recogidos de Poda arboles (t/mes) ;Total Residuos Recogidos (t/mes) ;Unnamed: 9
2019/agosto-2019-rbl-residuos.csv,Datos de residuos recogidos (RBL),UAESP,https://datosabiertos.bogota.gov.co/dataset/datos-residuos-recogidos-rbl-uaesp,.csv,0.001,2019,,10,,,Unnamed: 0;Unnamed: 1;Unnamed: 2;Unnamed: 3;Unnamed: 4;Unnamed: 5;Unnamed: 6;Unnamed: 7;Unnamed: 8;Unnamed: 9
2022/data-set-junio-2022.xlsx,Datos de residuos recogidos (RBL),UAESP,https://datosabiertos.bogota.gov.co/dataset/datos-residuos-recogidos-rbl-uaesp,.xlsx,0.012,2022,,12,,,"Ano/Mes Formato (dd-mmm-yy);Area de Servicio Exclusivo y Concesionario;Residuos Recogidos Domiciliarios (toneladas/mes) ;Residuos de Recogidos de Barrido (toneladas/mes) ;Residuos de Recogidos de Corte Cesped (toneladas/mes) ;Residuos de Recogidos de Grandes Generadores (toneladas /mes) ;Residuos Domiciliarios especiales;Recoleccion de Arrojo Clandestino (Atencion criticos clandestinos y otros1077, recoleccion residuos voluminosos, residuos clandestinos indisciplinados) ;Residuos de arrojo clandestino en punto limpio(toneladas/mes);Residuos de Recogidos de Poda arboles (toneladas/mes) ;Total Residuos Recogidos (toneladas/mes) ;Total Residuos Recogidos (toneladas/mes) + Total residuos de arrojo clandestino en Punto Limpio"
2022/data-set-marzo-2022.xlsx,Datos de residuos recogidos (RBL),UAESP,https://datosabiertos.bogota.gov.co/dataset/datos-residuos-recogidos-rbl-uaesp,.xlsx,0.012,2022,,10,,,"Ano/Mes Formato (dd-mmm-yy);Area de Servicio Exclusivo y Concesionario;Residuos Recogidos Domiciliarios (toneladas/mes) ;Residuos de Recogidos de Barrido (toneladas/mes) ;Residuos de Recogidos de Corte Cesped (toneladas/mes) ;Residuos de Recogidos de Grandes Generadores (toneladas /mes) ;Residuos Domiciliarios especiales;Recoleccion de Arrojo Clandestino (Atencion criticos clandestinos y otros1077, recoleccion residuos voluminosos, residuos clandestinos indisciplinados) ;Residuos de Recogidos de Poda arboles (toneladas/mes) ;Total Residuos Recogidos (toneladas/mes) "
2022/data-set-mayo-2022.xlsx,Datos de residuos recogidos (RBL),UAESP,https://datosabiertos.bogota.gov.co/dataset/datos-residuos-recogidos-rbl-uaesp,.xlsx,0.011,2022,,11,,,´MAYO 2022;Unnamed: 1;Unnamed: 2;Unnamed: 3;Unnamed: 4;Unnamed: 5;Unnamed: 6;Unnamed: 7;Unnamed: 8;Unnamed: 9;Unnamed: 10
2022/data-set-agosto-2022.xlsx,Datos de residuos recogidos (RBL),UAESP,https://datosabiertos.bogota.gov.co/dataset/datos-residuos-recogidos-rbl-uaesp,.xlsx,0.012,2022,,12,,,"Ano/Mes Formato (dd-mmm-yy);Area de Servicio Exclusivo y Concesionario;Residuos Recogidos Domiciliarios (toneladas/mes) ;Residuos de Recogidos de Barrido (toneladas/mes) ;Residuos de Recogidos de Corte Cesped (toneladas/mes) ;Residuos de Recogidos de Grandes Generadores (toneladas /mes) ;Residuos Domiciliarios especiales;Recoleccion de Arrojo Clandestino (Atencion criticos clandestinos y otros1077, recoleccion residuos voluminosos, residuos clandestinos indisciplinados) ;Residuos de arrojo clandestino en punto limpio(toneladas/mes);Residuos de Recogidos de Poda arboles (toneladas/mes) ;Total Residuos Recogidos (toneladas/mes) ;Total Residuos Recogidos (toneladas/mes) + Total residuos de arrojo clandestino en Punto Limpio"
2022/data-set-noviembre-2022.xlsx,Datos de residuos recogidos (RBL),UAESP,https://datosabiertos.bogota.gov.co/dataset/datos-residuos-recogidos-rbl-uaesp,.xlsx,0.014,2022,,12,,,"Año/Mes Formato (dd-mmm-yy);ASE y Concesionario;Residuos Recogidos Domiciliarios (t/mes) ;Residuos de Recogidos de Barrido (t/mes) ;Residuos de Recogidos de Corte Césped (t/mes) ;Residuos de Recogidos de Grandes Generadores (t/mes) ;Residuos Domiciliarios especiales;Recolección de Arrojo Clandestino (Atención críticos clandestinos y otros1077, recolección residuos voluminosos, residuos clandestinos indisciplinados) ;Residuos de arrojo clandestino en punto limpio;Residuos de Recogidos de Poda Árboles (t/mes) ;Total Residuos Recogidos (t/mes) ;Total Residuos Recogidos (t/mes) + Total residuos de arrojo clandestino en Punto Limpio"
2022/data-set-octubre-2022.xlsx,Datos de residuos recogidos (RBL),UAESP,https://datosabiertos.bogota.gov.co/dataset/datos-residuos-recogidos-rbl-uaesp,.xlsx,0.012,2022,,12,,,"Ano/Mes Formato (dd-mmm-yy);Area de Servicio Exclusivo y Concesionario;Residuos Recogidos Domiciliarios (toneladas/mes) ;Residuos de Recogidos de Barrido (toneladas/mes) ;Residuos de Recogidos de Corte Cesped (toneladas/mes) ;Residuos de Recogidos de Grandes Generadores (toneladas /mes) ;Residuos Domiciliarios especiales;Recoleccion de Arrojo Clandestino (Atencion criticos clandestinos y otros1077, recoleccion residuos voluminosos, residuos clandestinos indisciplinados) ;Residuos de arrojo clandestino en punto limpio(toneladas/mes);Residuos de Recogidos de Poda arboles (toneladas/mes) ;Total Residuos Recogidos (toneladas/mes) ;Total Residuos Recogidos (toneladas/mes) + Total residuos de arrojo clandestino en Punto Limpio"
2022/data-set-julio-2022.xlsx,Datos de residuos recogidos (RBL),UAESP,https://datosabiertos.bogota.gov.co/dataset/datos-residuos-recogidos-rbl-uaesp,.xlsx,0.012,2022,,12,,,"Ano/Mes Formato (dd-mmm-yy);Area de Servicio Exclusivo y Concesionario;Residuos Recogidos Domiciliarios (toneladas/mes) ;Residuos de Recogidos de Barrido (toneladas/mes) ;Residuos de Recogidos de Corte Cesped (toneladas/mes) ;Residuos de Recogidos de Grandes Generadores (toneladas /mes) ;Residuos Domiciliarios especiales;Recoleccion de Arrojo Clandestino (Atencion criticos clandestinos y otros1077, recoleccion residuos voluminosos, residuos clandestinos indisciplinados) ;Residuos de arrojo clandestino en punto limpio(toneladas/mes);Residuos de Recogidos de Poda arboles (toneladas/mes) ;Total Residuos Recogidos (toneladas/mes) ;Total Residuos Recogidos (toneladas/mes) + Total residuos de arrojo clandestino en Punto Limpio"
2022/data-set-septiembre-2022.xlsx,Datos de residuos recogidos (RBL),UAESP,https://datosabiertos.bogota.gov.co/dataset/datos-residuos-recogidos-rbl-uaesp,.xlsx,0.012,2022,,12,,,"Ano/Mes Formato (dd-mmm-yy);Area de Servicio Exclusivo y Concesionario;Residuos Recogidos Domiciliarios (toneladas/mes) ;Residuos de Recogidos de Barrido (toneladas/mes) ;Residuos de Recogidos de Corte Cesped (toneladas/mes) ;Residuos de Recogidos de Grandes Generadores (toneladas /mes) ;Residuos Domiciliarios especiales;Recoleccion de Arrojo Clandestino (Atencion criticos clandestinos y otros1077, recoleccion residuos voluminosos, residuos clandestinos indisciplinados) ;Residuos de arrojo clandestino en punto limpio(toneladas/mes);Residuos de Recogidos de Poda arboles (toneladas/mes) ;Total Residuos Recogidos (toneladas/mes) ;Total Residuos Recogidos (toneladas/mes) + Total residuos de arrojo clandestino en Punto Limpio"
2022/data-set-abril-2022.xlsx,Datos de residuos recogidos (RBL),UAESP,https://datosabiertos.bogota.gov.co/dataset/datos-residuos-recogidos-rbl-uaesp,.xlsx,0.012,2022,,10,,,"Ano/Mes Formato (dd-mmm-yy);Area de Servicio Exclusivo y Concesionario;Residuos Recogidos Domiciliarios (toneladas/mes) ;Residuos de Recogidos de Barrido (toneladas/mes) ;Residuos de Recogidos de Corte Cesped (toneladas/mes) ;Residuos de Recogidos de Grandes Generadores (toneladas /mes) ;Residuos Domiciliarios especiales;Recoleccion de Arrojo Clandestino (Atencion criticos clandestinos y otros1077, recoleccion residuos voluminosos, residuos clandestinos indisciplinados) ;Residuos de Recogidos de Poda arboles (toneladas/mes) ;Total Residuos Recogidos (toneladas/mes) "
2022/data-set-enero-2022.xlsx,Datos de residuos recogidos (RBL),UAESP,https://datosabiertos.bogota.gov.co/dataset/datos-residuos-recogidos-rbl-uaesp,.xlsx,0.012,2022,,10,,,"Ano/Mes Formato (dd-mmm-yy);Area de Servicio Exclusivo y Concesionario;Residuos Recogidos Domiciliarios (toneladas/mes) ;Residuos de Recogidos de Barrido (toneladas/mes) ;Residuos de Recogidos de Corte Cesped (toneladas/mes) ;Residuos de Recogidos de Grandes Generadores (toneladas /mes) ;Residuos Domiciliarios especiales;Recoleccion de Arrojo Clandestino (Atencion criticos clandestinos y otros1077, recoleccion residuos voluminosos, residuos clandestinos indisciplinados) ;Residuos de Recogidos de Poda arboles (toneladas/mes) ;Total Residuos Recogidos (toneladas/mes) "
2022/data-set-dic.-2022.xlsx,Datos de residuos recogidos (RBL),UAESP,https://datosabiertos.bogota.gov.co/dataset/datos-residuos-recogidos-rbl-uaesp,.xlsx,0.015,2022,,12,,,"Ano/Mes Formato (dd-mmm-yy);Area de Servicio Exclusivo y Concesionario;Residuos Recogidos Domiciliarios (toneladas/mes) ;Residuos de Recogidos de Barrido (toneladas/mes) ;Residuos de Recogidos de Corte Cesped (toneladas/mes) ;Residuos de Recogidos de Grandes Generadores (toneladas /mes) ;Residuos Domiciliarios especiales;Recoleccion de Arrojo Clandestino (Atencion criticos clandestinos y otros1077, recoleccion residuos voluminosos, residuos clandestinos indisciplinados) ;Residuos de arrojo clandestino en punto limpio(toneladas/mes);Residuos de Recogidos de Poda arboles (toneladas/mes) ;Total Residuos Recogidos (toneladas/mes) ;Total Residuos Recogidos (toneladas/mes) + Total residuos de arrojo clandestino en Punto Limpio"
2023/data-set-septiembre-2023.xlsx,Datos de residuos recogidos (RBL),UAESP,https://datosabiertos.bogota.gov.co/dataset/datos-residuos-recogidos-rbl-uaesp,.xlsx,0.011,2023,,11,,,"Año/Mes Formato (dd-mmm-yy);ASE y Concesionario;Residuos Recogidos Domiciliarios (t/mes) ;Residuos de Recogidos de Barrido (t/mes) ;Residuos de Recogidos de Corte Césped (t/mes) ;Residuos de Recogidos de Grandes Generadores (t/mes) ;Residuos Domiciliarios especiales;Recolección de Arrojo Clandestino (Atención críticos clandestinos y otros1077, recolección residuos voluminosos, residuos clandestinos indisciplinados) ;Residuos de arrojo clandestino en punto limpio;Residuos de Recogidos de Poda Árboles (t/mes) ;Total Residuos Recogidos (t/mes) "
2023/data-set-enero-2023.xlsx,Datos de residuos recogidos (RBL),UAESP,https://datosabiertos.bogota.gov.co/dataset/datos-residuos-recogidos-rbl-uaesp,.xlsx,0.015,2023,,13,,,"Año/Mes Formato (dd-mmm-yy);ASE y Concesionario;Residuos Recogidos Domiciliarios (t/mes) ;Residuos de Recogidos de Barrido (t/mes) ;Residuos de Recogidos de Corte Césped (t/mes) ;Residuos de Recogidos de Grandes Generadores (t/mes) ;Residuos de Recogidos de Plazas Mercado (t/mes) ;Residuos Domiciliarios especiales;Recolección de Arrojo Clandestino (Atención críticos clandestinos y otros1077, recolección residuos voluminosos, residuos clandestinos indisciplinados) ;Residuos de arrojo clandestino en punto limpio;Residuos de Recogidos de Poda Árboles (t/mes) ;Total Residuos Recogidos (t/mes) ;Total Residuos Recogidos (t/mes) + Total residuos de arrojo clandestino en Punto Limpio"
2023/data-set-noviembre-2023.xlsx,Datos de residuos recogidos (RBL),UAESP,https://datosabiertos.bogota.gov.co/dataset/datos-residuos-recogidos-rbl-uaesp,.xlsx,0.014,2023,,12,,,"Año/Mes Formato (dd-mmm-yy);ASE y Concesionario;Residuos Recogidos Domiciliarios (t/mes) ;Residuos de Recogidos de Barrido (t/mes) ;Residuos de Recogidos de Corte Césped (t/mes) ;Residuos de Recogidos de Grandes Generadores (t/mes) ;Residuos de Recogidos de Plazas Mercado (t/mes) ;Residuos Domiciliarios especiales;Recolección de Arrojo Clandestino (Atención críticos clandestinos y otros1077, recolección residuos voluminosos, residuos clandestinos indisciplinados) ;Residuos de arrojo clandestino en punto limpio;Residuos de Recogidos de Poda Árboles (t/mes) ;Total Residuos Recogidos (t/mes) "
2023/data-set-dic.-2023.xlsx,Datos de residuos recogidos (RBL),UAESP,https://datosabiertos.bogota.gov.co/dataset/datos-residuos-recogidos-rbl-uaesp,.xlsx,0.014,2023,,9,,,DICIEMBRE 2023;Unnamed: 1;Unnamed: 2;Unnamed: 3;Unnamed: 4;Unnamed: 5;Unnamed: 6;Unnamed: 7;Unnamed: 8
2023/data-set-abril-2023.xlsx,Datos de residuos recogidos (RBL),UAESP,https://datosabiertos.bogota.gov.co/dataset/datos-residuos-recogidos-rbl-uaesp,.xlsx,0.015,2023,,12,,,"Año/Mes Formato (dd-mmm-yy);ASE y Concesionario;Residuos Recogidos Domiciliarios (t/mes) ;Residuos de Recogidos de Barrido (t/mes) ;Residuos de Recogidos de Corte Césped (t/mes) ;Residuos de Recogidos de Grandes Generadores (t/mes) ;Residuos Domiciliarios especiales;Recolección de Arrojo Clandestino (Atención críticos clandestinos y otros1077, recolección residuos voluminosos, residuos clandestinos indisciplinados) ;Residuos de arrojo clandestino en punto limpio;Residuos de Recogidos de Poda Árboles (t/mes) ;Total Residuos Recogidos (t/mes) ;Total Residuos Recogidos (t/mes) + Total residuos de arrojo clandestino en Punto Limpio"
2023/data-set-octubre-2023.xlsx,Datos de residuos recogidos (RBL),UAESP,https://datosabiertos.bogota.gov.co/dataset/datos-residuos-recogidos-rbl-uaesp,.xlsx,0.011,2023,,11,,,"Año/Mes Formato (dd-mmm-yy);ASE y Concesionario;Residuos Recogidos Domiciliarios (t/mes) ;Residuos de Recogidos de Barrido (t/mes) ;Residuos de Recogidos de Corte Césped (t/mes) ;Residuos de Recogidos de Grandes Generadores (t/mes) ;Residuos Domiciliarios especiales;Recolección de Arrojo Clandestino (Atención críticos clandestinos y otros1077, recolección residuos voluminosos, residuos clandestinos indisciplinados) ;Residuos de arrojo clandestino en punto limpio;Residuos de Recogidos de Poda Árboles (t/mes) ;Total Residuos Recogidos (t/mes) "
2023/data-set-julio-2023.xlsx,Datos de residuos recogidos (RBL),UAESP,https://datosabiertos.bogota.gov.co/dataset/datos-residuos-recogidos-rbl-uaesp,.xlsx,0.012,2023,,11,,,"Año/Mes Formato (dd-mmm-yy);ASE y Concesionario;Residuos Recogidos Domiciliarios (t/mes) ;Residuos de Recogidos de Barrido (t/mes) ;Residuos de Recogidos de Corte Césped (t/mes) ;Residuos de Recogidos de Grandes Generadores (t/mes) ;Residuos Domiciliarios especiales;Recolección de Arrojo Clandestino (Atención críticos clandestinos y otros1077, recolección residuos voluminosos, residuos clandestinos indisciplinados) ;Residuos de arrojo clandestino en punto limpio;Residuos de Recogidos de Poda Árboles (t/mes) ;Total Residuos Recogidos (t/mes) "
2023/data-set-mayo-2023.xlsx,Datos de residuos recogidos (RBL),UAESP,https://datosabiertos.bogota.gov.co/dataset/datos-residuos-recogidos-rbl-uaesp,.xlsx,0.015,2023,,12,,,"Año/Mes Formato (dd-mmm-yy);ASE y Concesionario;Residuos Recogidos Domiciliarios (t/mes) ;Residuos de Recogidos de Barrido (t/mes) ;Residuos de Recogidos de Corte Césped (t/mes) ;Residuos de Recogidos de Grandes Generadores (t/mes) ;Residuos Domiciliarios especiales;Recolección de Arrojo Clandestino (Atención críticos clandestinos y otros1077, recolección residuos voluminosos, residuos clandestinos indisciplinados) ;Residuos de arrojo clandestino en punto limpio;Residuos de Recogidos de Poda Árboles (t/mes) ;Total Residuos Recogidos (t/mes) ;Total Residuos Recogidos (t/mes) + Total residuos de arrojo clandestino en Punto Limpio"
2023/data-set-marzo-2023.xlsx,Datos de residuos recogidos (RBL),UAESP,https://datosabiertos.bogota.gov.co/dataset/datos-residuos-recogidos-rbl-uaesp,.xlsx,0.014,2023,,12,,,"Año/Mes Formato (dd-mmm-yy);ASE y Concesionario;Residuos Recogidos Domiciliarios (t/mes) ;Residuos de Recogidos de Barrido (t/mes) ;Residuos de Recogidos de Corte Césped (t/mes) ;Residuos de Recogidos de Grandes Generadores (t/mes) ;Residuos Domiciliarios especiales;Recolección de Arrojo Clandestino (Atención críticos clandestinos y otros1077, recolección residuos voluminosos, residuos clandestinos indisciplinados) ;Residuos de arrojo clandestino en punto limpio;Residuos de Recogidos de Poda Árboles (t/mes) ;Total Residuos Recogidos (t/mes) ;Total Residuos Recogidos (t/mes) + Total residuos de arrojo clandestino en Punto Limpio"
2023/data-set-feb-2023.xlsx,Datos de residuos recogidos (RBL),UAESP,https://datosabiertos.bogota.gov.co/dataset/datos-residuos-recogidos-rbl-uaesp,.xlsx,0.014,2023,,12,,,"Año/Mes Formato (dd-mmm-yy);ASE y Concesionario;Residuos Recogidos Domiciliarios (t/mes) ;Residuos de Recogidos de Barrido (t/mes) ;Residuos de Recogidos de Corte Césped (t/mes) ;Residuos de Recogidos de Grandes Generadores (t/mes) ;Residuos Domiciliarios especiales;Recolección de Arrojo Clandestino (Atención críticos clandestinos y otros1077, recolección residuos voluminosos, residuos clandestinos indisciplinados) ;Residuos de arrojo clandestino en punto limpio;Residuos de Recogidos de Poda Árboles (t/mes) ;Total Residuos Recogidos (t/mes) ;Total Residuos Recogidos (t/mes) + Total residuos de arrojo clandestino en Punto Limpio"
2018/data-set-rbl_nuevo_esquema_aseo.csv,Datos de residuos recogidos (RBL),UAESP,https://datosabiertos.bogota.gov.co/dataset/datos-residuos-recogidos-rbl-uaesp,.csv,0.001,2018,,9,,,Ao/Mes Formato (dd-mmm-yy);ASE y Concesionario;Residuos Recogidos Domiciliarios (toneladas/mes) ;Residuos de Recogidos de Barrido (toneladas/mes) ;Residuos de Recogidos de Corte Csped (toneladas/mes) ;Residuos de Recogidos de Grandes Generadores (toneladas/mes) ;Residuos Mixtos Recogidos - (Ordinarios y Escombros) (toneladas/mes) ;Residuos de Recogidos de Poda rboles (toneladas/mes) ;Total Residuos Recogidos (toneladas /mes) 
2018/data_set_rbl_marzo_2018.csv,Datos de residuos recogidos (RBL),UAESP,https://datosabiertos.bogota.gov.co/dataset/datos-residuos-recogidos-rbl-uaesp,.csv,0.001,2018,,10,,,Ao/Mes Formato (dd-mmm-yy);ASE y Concesionario;Residuos Recogidos Domiciliarios (toneladas/mes) ;Residuos de Recogidos de Barrido (toneladas/mes) ;Residuos de Recogidos de Corte Csped (toneladas/mes) ;Residuos de Recogidos de Grandes Generadores (toneladas/mes) ;Actividades Complementarias  - Voluminosos;Residuos Mixtos Recogidos - (Ordinarios y Escombros) (toneladas/mes) ;Residuos de Recogidos de Poda rboles (toneladas/mes) ;Total Residuos Recogidos (toneladas/mes) 
2018/metadata-rbl-residuos.csv,Datos de residuos recogidos (RBL),UAESP,https://datosabiertos.bogota.gov.co/dataset/datos-residuos-recogidos-rbl-uaesp,.csv,0.002,2018,,2,,,METADATA      Subdireccin de  Recoleccin Barrido  y Limpieza (RBL)                                                                      Fuente Subdireccin de Disposicin Final  Uaesp INTER DJ Radicado UAESP 2018-700-023711-2   05/07/2018                                                                                                                                            JUNIO 30  de 2018                                                                                                                                                                                                                                                                                                                                                                                                         ;Unnamed: 1
2018/junio-2018-rbl-residuos.csv,Datos de residuos recogidos (RBL),UAESP,https://datosabiertos.bogota.gov.co/dataset/datos-residuos-recogidos-rbl-uaesp,.csv,0.001,2018,,10,,,ASE y Concesionario;Residuos Recogidos Domiciliarios (toneladas/mes) ;Residuos de Recogidos de Barrido (toneladas/mes) ;Residuos de Recogidos de Corte Cesped (toneladas/mes) ;Residuos de Recogidos de Grandes Generadores (toneladas/mes) ;Actividades Complementarias  - Voluminosos;Residuos Mixtos Recogidos - (Ordinarios y Escombros) (toneladas/mes) ;Residuos de Recogidos de Poda arboles (toneladas/mes) ;Total Residuos Recogidos (toneladas/mes) ;Total Residuos   
2018/meta-data-recoleccion-barrido-y-limpieza.csv,Datos de residuos recogidos (RBL),UAESP,https://datosabiertos.bogota.gov.co/dataset/datos-residuos-recogidos-rbl-uaesp,.csv,0.001,2018,,2,,,Meta Data del Data Set de Recoleccin Barrido y Limpieza ;Unnamed: 1
2018/metadata_recoleccion_barrido_limpieza_agosto_2018.csv,Datos de residuos recogidos (RBL),UAESP,https://datosabiertos.bogota.gov.co/dataset/datos-residuos-recogidos-rbl-uaesp,.csv,0.001,2018,,2,,,METADATA                                                                                                                                                                                                                                                                                                                                                                                 ;Unnamed: 1
2018/agosto-2018-rbl-residuos.csv,Datos de residuos recogidos (RBL),UAESP,https://datosabiertos.bogota.gov.co/dataset/datos-residuos-recogidos-rbl-uaesp,.csv,0.001,2018,,9,,,ASE y Concesionario;Residuos Recogidos Domiciliarios (toneladas/mes) ;Residuos de Recogidos de Barrido (toneladas/mes) ;Residuos de Recogidos de Corte Cesped (toneladas/mes) ;Residuos de Recogidos de Grandes Generadores (toneladas/mes) ;Actividades Complementarias  - Voluminosos;Residuos Mixtos Recogidos - (Ordinarios y Escombros) (toneladas/mes) ;Residuos de Recogidos de Poda arboles (toneladas/mes) ;Total Residuos Recogidos (toneladas/mes) 
2018/febrero-2018-rbl-residuos.csv,Datos de residuos recogidos (RBL),UAESP,https://datosabiertos.bogota.gov.co/dataset/datos-residuos-recogidos-rbl-uaesp,.csv,0.001,2018,,8,,,Operador y Zona;Residuos Recogidos Domiciliarios (toneladas/mes) ;Residuos de Recogidos de Barrido (toneladas/mes) ;Residuos de Recogidos de Corte Csped (toneladas/mes) ;Residuos de Recogidos de Grandes Generadores (toneladas /mes) ;Residuos Mixtos Recogidos - (Ordinarios y Escombros) (toneladas/mes) ;Residuos de Recogidos de Poda rboles (toneladas/mes) ;Total Residuos Recogidos (toneladas/mes) 
2018/data-set-agosto_2018.csv,Datos de residuos recogidos (RBL),UAESP,https://datosabiertos.bogota.gov.co/dataset/datos-residuos-recogidos-rbl-uaesp,.csv,0.001,2018,,9,,, Area de Servicio Exclusivo ASE  y Concesionario ; Domiciliarios ; Barrido ; Corte Cesped ;Grandes Generadores ;Domiciliarios especiales; Clandestino ;Recogidos de Poda Arboles ; Total Residuos Recogidos 
2018/data_set_rbl_marzo_2018(1).csv,Datos de residuos recogidos (RBL),UAESP,https://datosabiertos.bogota.gov.co/dataset/datos-residuos-recogidos-rbl-uaesp,.csv,0.001,2018,,9,,,ASE y Concesionario;Residuos Recogidos Domiciliarios (toneladas/mes) ;Residuos de Recogidos de Barrido (toneladas/mes) ;Residuos de Recogidos de Corte Csped (toneladas/mes) ;Residuos de Recogidos de Grandes Generadores (toneladas/mes) ;Actividades Complementarias  - Voluminosos;Residuos Mixtos Recogidos - (Ordinarios y Escombros) (toneladas/mes) ;Residuos de Recogidos de Poda rboles (toneladas/mes) ;Total Residuos Recogidos (toneladas/mes) 
2018/data-set-recoleccion-barrido-y-limpieza-junio-27-de-2018.csv,Datos de residuos recogidos (RBL),UAESP,https://datosabiertos.bogota.gov.co/dataset/datos-residuos-recogidos-rbl-uaesp,.csv,0.001,2018,,11,,,JUNIO 2018;Unnamed: 1;Unnamed: 2;Unnamed: 3;Unnamed: 4;Unnamed: 5;Unnamed: 6;Unnamed: 7;Unnamed: 8;Unnamed: 9;Unnamed: 10
2018/data-set-rbl-febrero-2018.csv,Datos de residuos recogidos (RBL),UAESP,https://datosabiertos.bogota.gov.co/dataset/datos-residuos-recogidos-rbl-uaesp,.csv,0.001,2018,,9,,,Ao/Mes Formato (dd-mmm-yy);Operador y Zona;Residuos Recogidos Domiciliarios (toneladas/mes) ;Residuos de Recogidos de Barrido (toneladas/mes) ;Residuos de Recogidos de Corte Csped (toneladas/mes) ;Residuos de Recogidos de Grandes Generadores (toneladas /mes) ;Residuos Mixtos Recogidos - (Ordinarios y Escombros) (toneladas/mes) ;Residuos de Recogidos de Poda rboles (toneladas/mes) ;Total Residuos Recogidos (toneladas/mes) 
2018/marzo-2018-rbl-residuos.csv,Datos de residuos recogidos (RBL),UAESP,https://datosabiertos.bogota.gov.co/dataset/datos-residuos-recogidos-rbl-uaesp,.csv,0.001,2018,,9,,,ASE y Concesionario;Residuos Recogidos Domiciliarios (toneladas/mes) ;Residuos de Recogidos de Barrido (toneladas/mes) ;Residuos de Recogidos de Corte Cesped (toneladas/mes) ;Residuos de Recogidos de Grandes Generadores (toneladas/mes) ;Actividades Complementarias  - Voluminosos;Residuos Mixtos Recogidos - (Ordinarios y Escombros) (toneladas/mes) ;Residuos de Recogidos de Poda arboles (toneladas/mes) ;Total Residuos Recogidos (toneladas/mes) 
2025/data-set-octubre-2025-srbl.xlsx,Datos de residuos recogidos (RBL),UAESP,https://datosabiertos.bogota.gov.co/dataset/datos-residuos-recogidos-rbl-uaesp,.xlsx,0.011,2025,,10,,,"Año/Mes Formato (dd-mmm-yy);ASE y Concesionario;Residuos Recogidos Domiciliarios (t/mes) ;Residuos de Recogidos de Barrido (t/mes) ;Residuos de Recogidos de Corte Césped (t/mes) ;Residuos de Recogidos de Grandes Generadores (t/mes) ;Residuos Domiciliarios especiales;Recolección de Arrojo Clandestino (Atención críticos clandestinos y otros1077, recolección residuos voluminosos, residuos clandestinos indisciplinados) ;Residuos de Recogidos de Poda Árboles (t/mes) ;Total Residuos Recogidos (t/mes) "
2025/data-set-septiembre-2025-srbl.xlsx,Datos de residuos recogidos (RBL),UAESP,https://datosabiertos.bogota.gov.co/dataset/datos-residuos-recogidos-rbl-uaesp,.xlsx,0.011,2025,,10,,,"Año/Mes Formato (dd-mmm-yy);ASE y Concesionario;Residuos Recogidos Domiciliarios (t/mes) ;Residuos de Recogidos de Barrido (t/mes) ;Residuos de Recogidos de Corte Césped (t/mes) ;Residuos de Recogidos de Grandes Generadores (t/mes) ;Residuos Domiciliarios especiales;Recolección de Arrojo Clandestino (Atención críticos clandestinos y otros1077, recolección residuos voluminosos, residuos clandestinos indisciplinados) ;Residuos de Recogidos de Poda Árboles (t/mes) ;Total Residuos Recogidos (t/mes) "
2025/data-set-marzo-2025-srbl.xlsx,Datos de residuos recogidos (RBL),UAESP,https://datosabiertos.bogota.gov.co/dataset/datos-residuos-recogidos-rbl-uaesp,.xlsx,0.011,2025,,10,,,"Año/Mes Formato (dd-mmm-yy);ASE y Concesionario;Residuos Recogidos Domiciliarios (t/mes) ;Residuos de Recogidos de Barrido (t/mes) ;Residuos de Recogidos de Corte Césped (t/mes) ;Residuos de Recogidos de Grandes Generadores (t/mes) ;Residuos Domiciliarios especiales;Recolección de Arrojo Clandestino (Atención críticos clandestinos y otros1077, recolección residuos voluminosos, residuos clandestinos indisciplinados) ;Residuos de Recogidos de Poda Árboles (t/mes) ;Total Residuos Recogidos (t/mes) "
2025/data-set-noviembre-2025-srbl.xlsx,Datos de residuos recogidos (RBL),UAESP,https://datosabiertos.bogota.gov.co/dataset/datos-residuos-recogidos-rbl-uaesp,.xlsx,0.012,2025,,10,,,"Año/Mes Formato (dd-mmm-yy);ASE y Concesionario;Residuos Recogidos Domiciliarios (t/mes) ;Residuos de Recogidos de Barrido (t/mes) ;Residuos de Recogidos de Corte Césped (t/mes) ;Residuos de Recogidos de Grandes Generadores (t/mes) ;Residuos Domiciliarios especiales;Recolección de Arrojo Clandestino (Atención críticos clandestinos y otros1077, recolección residuos voluminosos, residuos clandestinos indisciplinados) ;Residuos de Recogidos de Poda Árboles (t/mes) ;Total Residuos Recogidos (t/mes) "
2025/data-set-diciembre-2025-srbl.xlsx,Datos de residuos recogidos (RBL),UAESP,https://datosabiertos.bogota.gov.co/dataset/datos-residuos-recogidos-rbl-uaesp,.xlsx,0.012,2025,,10,,,"Año/Mes Formato (dd-mmm-yy);ASE y Concesionario;Residuos Recogidos Domiciliarios (t/mes) ;Residuos de Recogidos de Barrido (t/mes) ;Residuos de Recogidos de Corte Césped (t/mes) ;Residuos de Recogidos de Grandes Generadores (t/mes) ;Residuos Domiciliarios especiales;Recolección de Arrojo Clandestino (Atención críticos clandestinos y otros1077, recolección residuos voluminosos, residuos clandestinos indisciplinados) ;Residuos de Recogidos de Poda Árboles (t/mes) ;Total Residuos Recogidos (t/mes) "
2025/data-set-junio-2025-srbl.xlsx,Datos de residuos recogidos (RBL),UAESP,https://datosabiertos.bogota.gov.co/dataset/datos-residuos-recogidos-rbl-uaesp,.xlsx,0.011,2025,,10,,,"Año/Mes Formato (dd-mmm-yy);ASE y Concesionario;Residuos Recogidos Domiciliarios (t/mes) ;Residuos de Recogidos de Barrido (t/mes) ;Residuos de Recogidos de Corte Césped (t/mes) ;Residuos de Recogidos de Grandes Generadores (t/mes) ;Residuos Domiciliarios especiales;Recolección de Arrojo Clandestino (Atención críticos clandestinos y otros1077, recolección residuos voluminosos, residuos clandestinos indisciplinados) ;Residuos de Recogidos de Poda Árboles (t/mes) ;Total Residuos Recogidos (t/mes) "
2025/data-set-julio-2025-srbl-1.xlsx,Datos de residuos recogidos (RBL),UAESP,https://datosabiertos.bogota.gov.co/dataset/datos-residuos-recogidos-rbl-uaesp,.xlsx,0.012,2025,,10,,,"Año/Mes Formato (dd-mmm-yy);ASE y Concesionario;Residuos Recogidos Domiciliarios (t/mes) ;Residuos de Recogidos de Barrido (t/mes) ;Residuos de Recogidos de Corte Césped (t/mes) ;Residuos de Recogidos de Grandes Generadores (t/mes) ;Residuos Domiciliarios especiales;Recolección de Arrojo Clandestino (Atención críticos clandestinos y otros1077, recolección residuos voluminosos, residuos clandestinos indisciplinados) ;Residuos de Recogidos de Poda Árboles (t/mes) ;Total Residuos Recogidos (t/mes) "
2025/data-set-mayo-2025-srbl.xlsx,Datos de residuos recogidos (RBL),UAESP,https://datosabiertos.bogota.gov.co/dataset/datos-residuos-recogidos-rbl-uaesp,.xlsx,0.011,2025,,10,,,"Año/Mes Formato (dd-mmm-yy);ASE y Concesionario;Residuos Recogidos Domiciliarios (t/mes) ;Residuos de Recogidos de Barrido (t/mes) ;Residuos de Recogidos de Corte Césped (t/mes) ;Residuos de Recogidos de Grandes Generadores (t/mes) ;Residuos Domiciliarios especiales;Recolección de Arrojo Clandestino (Atención críticos clandestinos y otros1077, recolección residuos voluminosos, residuos clandestinos indisciplinados) ;Residuos de Recogidos de Poda Árboles (t/mes) ;Total Residuos Recogidos (t/mes) "
2025/data-set-agosto-2025-srbl.xlsx,Datos de residuos recogidos (RBL),UAESP,https://datosabiertos.bogota.gov.co/dataset/datos-residuos-recogidos-rbl-uaesp,.xlsx,0.011,2025,,10,,,"Año/Mes Formato (dd-mmm-yy);ASE y Concesionario;Residuos Recogidos Domiciliarios (t/mes) ;Residuos de Recogidos de Barrido (t/mes) ;Residuos de Recogidos de Corte Césped (t/mes) ;Residuos de Recogidos de Grandes Generadores (t/mes) ;Residuos Domiciliarios especiales;Recolección de Arrojo Clandestino (Atención críticos clandestinos y otros1077, recolección residuos voluminosos, residuos clandestinos indisciplinados) ;Residuos de Recogidos de Poda Árboles (t/mes) ;Total Residuos Recogidos (t/mes) "
2025/data-set-enero-2025-srbl.xlsx,Datos de residuos recogidos (RBL),UAESP,https://datosabiertos.bogota.gov.co/dataset/datos-residuos-recogidos-rbl-uaesp,.xlsx,0.01,2025,,10,,,"Año/Mes Formato (dd-mmm-yy);ASE y Concesionario;Residuos Recogidos Domiciliarios (t/mes) ;Residuos  Recogidos de Barrido (t/mes) ;Residuos  Recogidos de Corte Césped (t/mes) ;Residuos  Recogidos de Grandes Generadores (t/mes) ;Residuos Domiciliarios especiales;Recolección de Arrojo Clandestino (Atención críticos clandestinos y otros1077, recolección residuos voluminosos, residuos clandestinos indisciplinados) ;Residuos Recogidos de Poda Árboles (t/mes) ;Total Residuos Recogidos (t/mes) "
2025/data-set-febrero-2025-srbl.xlsx,Datos de residuos recogidos (RBL),UAESP,https://datosabiertos.bogota.gov.co/dataset/datos-residuos-recogidos-rbl-uaesp,.xlsx,0.011,2025,,10,,,"Año/Mes Formato (dd-mmm-yy);ASE y Concesionario;Residuos Recogidos Domiciliarios (t/mes) ;Residuos de Recogidos de Barrido (t/mes) ;Residuos de Recogidos de Corte Césped (t/mes) ;Residuos de Recogidos de Grandes Generadores (t/mes) ;Residuos Domiciliarios especiales;Recolección de Arrojo Clandestino (Atención críticos clandestinos y otros1077, recolección residuos voluminosos, residuos clandestinos indisciplinados) ;Residuos de Recogidos de Poda Árboles (t/mes) ;Total Residuos Recogidos (t/mes) "
2025/data-set-abril-2025-srbl.xlsx,Datos de residuos recogidos (RBL),UAESP,https://datosabiertos.bogota.gov.co/dataset/datos-residuos-recogidos-rbl-uaesp,.xlsx,0.011,2025,,10,,,"Año/Mes Formato (dd-mmm-yy);ASE y Concesionario;Residuos Recogidos Domiciliarios (t/mes) ;Residuos de Recogidos de Barrido (t/mes) ;Residuos de Recogidos de Corte Césped (t/mes) ;Residuos de Recogidos de Grandes Generadores (t/mes) ;Residuos Domiciliarios especiales;Recolección de Arrojo Clandestino (Atención críticos clandestinos y otros1077, recolección residuos voluminosos, residuos clandestinos indisciplinados) ;Residuos de Recogidos de Poda Árboles (t/mes) ;Total Residuos Recogidos (t/mes) "
2021/data-set-junio.xlsx,Datos de residuos recogidos (RBL),UAESP,https://datosabiertos.bogota.gov.co/dataset/datos-residuos-recogidos-rbl-uaesp,.xlsx,0.011,2021,,10,,,"Ano/Mes Formato (dd-mmm-yy);Area de Servicio Exclusivo y Concesionario;Residuos Recogidos Domiciliarios (toneladas/mes) ;Residuos de Recogidos de Barrido (toneladas/mes) ;Residuos de Recogidos de Corte Cesped (toneladas/mes) ;Residuos de Recogidos de Grandes Generadores (toneladas /mes) ;Residuos Domiciliarios especiales;Recoleccion de Arrojo Clandestino (Atencion criticos clandestinos y otros1077, recoleccion residuos voluminosos, residuos clandestinos indisciplinados) ;Residuos de Recogidos de Poda arboles (toneladas/mes) ;Total Residuos Recogidos (toneladas/mes) "
2021/data-set-febrero.xlsx,Datos de residuos recogidos (RBL),UAESP,https://datosabiertos.bogota.gov.co/dataset/datos-residuos-recogidos-rbl-uaesp,.xlsx,0.01,2021,,10,,,"Ano/Mes Formato (dd-mmm-yy);Area de Servicio Exclusivo y Concesionario;Residuos Recogidos Domiciliarios (toneladas/mes) ;Residuos de Recogidos de Barrido (toneladas/mes) ;Residuos de Recogidos de Corte Cesped (toneladas/mes) ;Residuos de Recogidos de Grandes Generadores (toneladas /mes) ;Residuos Domiciliarios especiales;Recoleccion de Arrojo Clandestino (Atencion criticos clandestinos y otros1077, recoleccion residuos voluminosos, residuos clandestinos indisciplinados) ;Residuos de Recogidos de Poda arboles (toneladas/mes) ;Total Residuos Recogidos (toneladas/mes) "
2021/data-set-abril.xlsx,Datos de residuos recogidos (RBL),UAESP,https://datosabiertos.bogota.gov.co/dataset/datos-residuos-recogidos-rbl-uaesp,.xlsx,0.01,2021,,10,,,"Ano/Mes Formato (dd-mmm-yy);Area de Servicio Exclusivo y Concesionario;Residuos Recogidos Domiciliarios (toneladas/mes) ;Residuos de Recogidos de Barrido (toneladas/mes) ;Residuos de Recogidos de Corte Cesped (toneladas/mes) ;Residuos de Recogidos de Grandes Generadores (toneladas /mes) ;Residuos Domiciliarios especiales;Recoleccion de Arrojo Clandestino (Atencion criticos clandestinos y otros1077, recoleccion residuos voluminosos, residuos clandestinos indisciplinados) ;Residuos de Recogidos de Poda arboles (toneladas/mes) ;Total Residuos Recogidos (toneladas/mes) "
2021/data-set-enero.xlsx,Datos de residuos recogidos (RBL),UAESP,https://datosabiertos.bogota.gov.co/dataset/datos-residuos-recogidos-rbl-uaesp,.xlsx,0.01,2021,,10,,,"Ano/Mes Formato (dd-mmm-yy);Area de Servicio Exclusivo y Concesionario;Residuos Recogidos Domiciliarios (toneladas/mes) ;Residuos de Recogidos de Barrido (toneladas/mes) ;Residuos de Recogidos de Corte Cesped (toneladas/mes) ;Residuos de Recogidos de Grandes Generadores (toneladas /mes) ;Residuos Domiciliarios especiales;Recoleccion de Arrojo Clandestino (Atencion criticos clandestinos y otros1077, recoleccion residuos voluminosos, residuos clandestinos indisciplinados) ;Residuos de Recogidos de Poda arboles (toneladas/mes) ;Total Residuos Recogidos (toneladas/mes) "
2021/data-set-mayo.xlsx,Datos de residuos recogidos (RBL),UAESP,https://datosabiertos.bogota.gov.co/dataset/datos-residuos-recogidos-rbl-uaesp,.xlsx,0.01,2021,,10,,,"Ano/Mes Formato (dd-mmm-yy);Area de Servicio Exclusivo y Concesionario;Residuos Recogidos Domiciliarios (toneladas/mes) ;Residuos de Recogidos de Barrido (toneladas/mes) ;Residuos de Recogidos de Corte Cesped (toneladas/mes) ;Residuos de Recogidos de Grandes Generadores (toneladas /mes) ;Residuos Domiciliarios especiales;Recoleccion de Arrojo Clandestino (Atencion criticos clandestinos y otros1077, recoleccion residuos voluminosos, residuos clandestinos indisciplinados) ;Residuos de Recogidos de Poda arboles (toneladas/mes) ;Total Residuos Recogidos (toneladas/mes) "
2021/data-set-diciembre.xlsx,Datos de residuos recogidos (RBL),UAESP,https://datosabiertos.bogota.gov.co/dataset/datos-residuos-recogidos-rbl-uaesp,.xlsx,0.012,2021,,10,,,"Ano/Mes Formato (dd-mmm-yy);Area de Servicio Exclusivo y Concesionario;Residuos Recogidos Domiciliarios (toneladas/mes) ;Residuos de Recogidos de Barrido (toneladas/mes) ;Residuos de Recogidos de Corte Cesped (toneladas/mes) ;Residuos de Recogidos de Grandes Generadores (toneladas /mes) ;Residuos Domiciliarios especiales;Recoleccion de Arrojo Clandestino (Atencion criticos clandestinos y otros1077, recoleccion residuos voluminosos, residuos clandestinos indisciplinados) ;Residuos de Recogidos de Poda arboles (toneladas/mes) ;Total Residuos Recogidos (toneladas/mes) "
2021/noviembre-2021-rbl-residuos.xlsx,Datos de residuos recogidos (RBL),UAESP,https://datosabiertos.bogota.gov.co/dataset/datos-residuos-recogidos-rbl-uaesp,.xlsx,0.012,2021,,10,,,"Ano/Mes Formato (dd-mmm-yy);Area de Servicio Exclusivo y Concesionario;Residuos Recogidos Domiciliarios (toneladas/mes) ;Residuos de Recogidos de Barrido (toneladas/mes) ;Residuos de Recogidos de Corte Cesped (toneladas/mes) ;Residuos de Recogidos de Grandes Generadores (toneladas /mes) ;Residuos Domiciliarios especiales;Recoleccion de Arrojo Clandestino (Atencion criticos clandestinos y otros1077, recoleccion residuos voluminosos, residuos clandestinos indisciplinados) ;Residuos de Recogidos de Poda arboles (toneladas/mes) ;Total Residuos Recogidos (toneladas/mes) "
2021/octubre-2021-rbl-residuos.xlsx,Datos de residuos recogidos (RBL),UAESP,https://datosabiertos.bogota.gov.co/dataset/datos-residuos-recogidos-rbl-uaesp,.xlsx,0.011,2021,,10,,,"Ano/Mes Formato (dd-mmm-yy);Area de Servicio Exclusivo y Concesionario;Residuos Recogidos Domiciliarios (toneladas/mes) ;Residuos de Recogidos de Barrido (toneladas/mes) ;Residuos de Recogidos de Corte Cesped (toneladas/mes) ;Residuos de Recogidos de Grandes Generadores (toneladas /mes) ;Residuos Domiciliarios especiales;Recoleccion de Arrojo Clandestino (Atencion criticos clandestinos y otros1077, recoleccion residuos voluminosos, residuos clandestinos indisciplinados) ;Residuos de Recogidos de Poda arboles (toneladas/mes) ;Total Residuos Recogidos (toneladas/mes) "
2021/data-set-marzo.xlsx,Datos de residuos recogidos (RBL),UAESP,https://datosabiertos.bogota.gov.co/dataset/datos-residuos-recogidos-rbl-uaesp,.xlsx,0.01,2021,,10,,,"Ano/Mes Formato (dd-mmm-yy);Area de Servicio Exclusivo y Concesionario;Residuos Recogidos Domiciliarios (toneladas/mes) ;Residuos de Recogidos de Barrido (toneladas/mes) ;Residuos de Recogidos de Corte Cesped (toneladas/mes) ;Residuos de Recogidos de Grandes Generadores (toneladas /mes) ;Residuos Domiciliarios especiales;Recoleccion de Arrojo Clandestino (Atencion criticos clandestinos y otros1077, recoleccion residuos voluminosos, residuos clandestinos indisciplinados) ;Residuos de Recogidos de Poda arboles (toneladas/mes) ;Total Residuos Recogidos (toneladas/mes) "
2020/dataset-marzo-rbl.csv,Datos de residuos recogidos (RBL),UAESP,https://datosabiertos.bogota.gov.co/dataset/datos-residuos-recogidos-rbl-uaesp,.csv,0.001,2020,,3,,,Ano/Mes Formato (dd-mmm-yy);Area de Servicio Exclusivo y Concesionario;Residuos Recogidos Domiciliarios (toneladas/mes) ;Residuos de Recogidos de Barrido (toneladas/mes) ;Residuos de Recogidos de Corte Cesped (toneladas/mes) ;Residuos de Recogidos de Grandes Generadores (toneladas /mes) ;Residuos Domiciliarios especiales;Recoleccion de Arrojo Clandestino (Atencion criticos clandestinos y otros1077; recoleccion residuos voluminosos; residuos clandestinos indisciplinados) ;Residuos de Recogidos de Poda arboles (toneladas/mes) ;Total Residuos Recogidos (toneladas/mes) 
2020/marzo-2020-rbl-residuos.csv,Datos de residuos recogidos (RBL),UAESP,https://datosabiertos.bogota.gov.co/dataset/datos-residuos-recogidos-rbl-uaesp,.csv,0.001,2020,,3,,,Ano/Mes Formato (dd-mmm-yy);Area de Servicio Exclusivo y Concesionario;Residuos Recogidos Domiciliarios (toneladas/mes) ;Residuos de Recogidos de Barrido (toneladas/mes) ;Residuos de Recogidos de Corte Cesped (toneladas/mes) ;Residuos de Recogidos de Grandes Generadores (toneladas /mes) ;Residuos Domiciliarios especiales;Recoleccion de Arrojo Clandestino (Atencion criticos clandestinos y otros1077; recoleccion residuos voluminosos; residuos clandestinos indisciplinados) ;Residuos de Recogidos de Poda arboles (toneladas/mes) ;Total Residuos Recogidos (toneladas/mes) 
2020/2015-2020-rbl-residuos-.csv,Datos de residuos recogidos (RBL),UAESP,https://datosabiertos.bogota.gov.co/dataset/datos-residuos-recogidos-rbl-uaesp,.csv,0.001,2020,,10,,,ao;Residuos Recogidos Domiciliarios (t/ao) ;Residuos de Recogidos de Barrido (t/ao) ;Residuos de Recogidos de Corte Csped (t/ao) ;Residuos de Recogidos de Grandes Generadores (t/ao) ;Residuos Domiciliarios especiales;Residuos Mixtos Recogidos - (Ordinarios y Escombros) (t/ao) ;Residuos de Recogidos de Poda rboles (t/ao) ;Total Residuos Recogidos (t/ao) ;Unnamed: 9
2020/febrero-2020-rbl-residuos.csv,Datos de residuos recogidos (RBL),UAESP,https://datosabiertos.bogota.gov.co/dataset/datos-residuos-recogidos-rbl-uaesp,.csv,0.001,2020,,3,,,fecha;Area de Servicio Exclusivo y Concesionario;Residuos Recogidos Domiciliarios (toneladas/mes) ;Residuos de Recogidos de Barrido (toneladas/mes) ;Residuos de Recogidos de Corte Cesped (toneladas/mes) ;Residuos de Recogidos de Grandes Generadores (toneladas /mes) ;Residuos Domiciliarios especiales;Recoleccion de Arrojo Clandestino (Atencion criticos clandestinos y otros1077; recoleccion residuos voluminosos; residuos clandestinos indisciplinados) ;Residuos de Recogidos de Poda arboles (toneladas/mes) ;Total Residuos Recogidos (toneladas/mes) 
2020/enero-2020-rbl-residuos.csv,Datos de residuos recogidos (RBL),UAESP,https://datosabiertos.bogota.gov.co/dataset/datos-residuos-recogidos-rbl-uaesp,.csv,0.001,2020,,3,,, Ao/Mes Formato (dd-mmm-yy) ; Area de Servicio Exclusivo y Concesionario ; Residuos Recogidos Domiciliarios (toneladas/mes)  ; Residuos de Recogidos de Barrido (toneladas/mes)  ; Residuos de Recogidos de Corte Csped (toneladas/mes)  ; Residuos de Recogidos de Grandes Generadores (toneladas /mes)  ; Residuos Domiciliarios especiales ; RecolecciOn de Arrojo Clandestino (AtenciOn crIticos clandestinos y otros1077; recoleccin residuos voluminosos; residuos clandestinos indisciplinados)  ; Residuos de Recogidos de Poda Arboles (toneladas/mes)  ; Total Residuos Recogidos (toneladas /mes)  
gdb_mr_v06_26.gdb::Uso,NO DECLARADA (capa extra del GDB de Catastro),IDECA / Catastro Bogotá,,.gdb,,,1061443.0,3,,,UsoCLote;UsoTUso;UsoArea
gdb_mr_v06_26.gdb::ESoc,Estrato socioeconómico,IDECA / Catastro Bogotá,https://datosabiertos.bogota.gov.co/dataset/estrato-socioeconomico-bogota-d-c,.gdb,,,2988992.0,3,,,ESoCLote;ESoChip;ESoEstrato
gdb_mr_v06_26.gdb::Predio,NO DECLARADA (capa extra del GDB de Catastro),IDECA / Catastro Bogotá,,.gdb,,,3844948.0,51,,,PreCBarrio;PreNBarrio;PreCManz;PreCPredio;PreCCons;PreCResto;PreChip;PreCedCata;PreNupre;PreTProp;PreFIncorp;PreClase;PreDirecc;PreMDirecc;PreTDirecc;PreDSI;PreATerre;PreAConst;PreCZHF;PreCDestin;PreVetustz;PreVForma;PreVActual;PreCUso;PreAUso;PreUsoPH;PreUsoNPH;PreUVivien;PreUCalif;PreFCalif;PrePuntaje;PreEArmaz;PreEMuros;PreECubier;PreECons;PreAFachad;PreACubier;PreAPisos;PreACons;PreBTamano;PreBEnchap;PreBMobili;PreBCons;PreCTamano;PreCEnchap;PreCMobili;PreCConse;PreCIndus;PreACercha;PreClCons;Barmanpre
gdb_mr_v06_26.gdb::ESTADO,NO DECLARADA (capa extra del GDB de Catastro),IDECA / Catastro Bogotá,,.gdb,,,104550.0,3,,,ESTADO_SUPERFICIAL;FECHA_ESTADO;CalCodigo
gdb_mr_v06_26.gdb::Manz,NO DECLARADA (capa extra del GDB de Catastro),IDECA / Catastro Bogotá,,.gdb,,,44518.0,4,EPSG:4686,MultiPolygon,ManCodigo;SecCodigo;SHAPE_Length;SHAPE_Area
gdb_mr_v06_26.gdb::SCat,NO DECLARADA (capa extra del GDB de Catastro),IDECA / Catastro Bogotá,,.gdb,,,1230.0,5,EPSG:4686,MultiPolygon,SCaCodigo;SCaTipo;SCaNombre;SHAPE_Length;SHAPE_Area
gdb_mr_v06_26.gdb::CDAg,NO DECLARADA (capa extra del GDB de Catastro),IDECA / Catastro Bogotá,,.gdb,,,13252.0,14,EPSG:4686,MultiLineString,TIPO;NOMBRE;SECTOR;CODCUE;CUENCA;CODSCUE;SUBCUENCA;CODMCUE;MICROCUENCA;OBSERVACION;LONGITUD;IDTABINV;CODHIDRO;SHAPE_Length
gdb_mr_v06_26.gdb::Muni,NO DECLARADA (capa extra del GDB de Catastro),IDECA / Catastro Bogotá,,.gdb,,,1.0,6,EPSG:4686,MultiPolygon,MunNombre;MunArea;MunCodigo;MunAAdmini;SHAPE_Length;SHAPE_Area
gdb_mr_v06_26.gdb::Loca,NO DECLARADA (capa extra del GDB de Catastro),IDECA / Catastro Bogotá,,.gdb,,,20.0,6,EPSG:4686,MultiPolygon,LocNombre;LocAAdmini;LocArea;LocCodigo;SHAPE_Length;SHAPE_Area
gdb_mr_v06_26.gdb::Corr,NO DECLARADA (capa extra del GDB de Catastro),IDECA / Catastro Bogotá,,.gdb,,,3.0,5,EPSG:4686,MultiPolygon,CorCodigo;CorNombre;CorArea;SHAPE_Length;SHAPE_Area
gdb_mr_v06_26.gdb::CPob,NO DECLARADA (capa extra del GDB de Catastro),IDECA / Catastro Bogotá,,.gdb,,,11.0,5,EPSG:4686,MultiPolygon,CPoCodigo;CPoNombre;CPoArea;SHAPE_Length;SHAPE_Area
gdb_mr_v06_26.gdb::CPos,NO DECLARADA (capa extra del GDB de Catastro),IDECA / Catastro Bogotá,,.gdb,,,81.0,5,EPSG:4686,MultiPolygon,CPoCodigo;CPoLocalid;CPoTipo;SHAPE_Length;SHAPE_Area
gdb_mr_v06_26.gdb::PGeo,NO DECLARADA (capa extra del GDB de Catastro),IDECA / Catastro Bogotá,,.gdb,,,363.0,11,EPSG:4686,Point,PGeLatitud;PGeLongitu;PGeAElipso;PGeCNorte;PGeCEste;PGeFActual;PGeCodigo;PGeNombre;PGeLocaliz;PGeTMateria;PGeFuente
gdb_mr_v06_26.gdb::CAgu,NO DECLARADA (capa extra del GDB de Catastro),IDECA / Catastro Bogotá,,.gdb,,,677.0,16,EPSG:4686,MultiPolygon,TIPO;NOMBRE;SECTOR;CODCUE;CUENCA;CODSCUE;SUBCUENCA;CODMCUE;MICROCUENCA;AREA;VOLUMEN;OBSERVACION;IDTABINV;CODHIDRO;SHAPE_Length;SHAPE_Area
gdb_mr_v06_26.gdb::PatioSITP,NO DECLARADA (capa extra del GDB de Catastro),IDECA / Catastro Bogotá,,.gdb,,,66.0,18,EPSG:4686,MultiPolygon Z,ObjectId;ID_Patio;Nombre;Direccion;Componente;Zona_SITP;Operador;Abastecimi;EstadoImp;FaseImple;Formalizac;Indicador;Latitud;Longitud;Area_aprox;Area_Ha;Shape_Length;Shape_Area
gdb_mr_v06_26.gdb::PSITP,NO DECLARADA (capa extra del GDB de Catastro),IDECA / Catastro Bogotá,,.gdb,,,7623.0,15,EPSG:4686,Point,objectid;cenefa;zona_sitp;nombre;via;direccion_;localidad;longitud;latitud;consecutiv;tipo_m_s;consola;panel;audio;zonas_nuev
gdb_mr_v06_26.gdb::ETro,NO DECLARADA (capa extra del GDB de Catastro),IDECA / Catastro Bogotá,,.gdb,,,149.0,16,EPSG:4686,Point,object_id;numero_est;nombre_est;coor_x;coor_y;ubicacion;troncal;num_vagon;num_acceso;bici_est;capac_bici;tipo_est;bicip_est;latitud;longitud;cod_nodest
gdb_mr_v06_26.gdb::Calz,NO DECLARADA (capa extra del GDB de Catastro),IDECA / Catastro Bogotá,,.gdb,,,104558.0,8,EPSG:4686,MultiPolygon,CalFuncion;CalTSuperf;CalCodigo;CalCIV;CalAncho;CalLongitu;SHAPE_Length;SHAPE_Area
gdb_mr_v06_26.gdb::Sepa,NO DECLARADA (capa extra del GDB de Catastro),IDECA / Catastro Bogotá,,.gdb,,,13738.0,5,EPSG:4686,MultiPolygon,SepMateria;SepCodigo;SepCIV;SHAPE_Length;SHAPE_Area
gdb_mr_v06_26.gdb::Cicl,NO DECLARADA (capa extra del GDB de Catastro),IDECA / Catastro Bogotá,,.gdb,,,6311.0,5,EPSG:4686,MultiPolygon,CicTSuperf;CicCodigo;CicCIV;SHAPE_Length;SHAPE_Area
gdb_mr_v06_26.gdb::Puen,NO DECLARADA (capa extra del GDB de Catastro),IDECA / Catastro Bogotá,,.gdb,,,1171.0,5,EPSG:4686,MultiPolygon,PueCodigo;PueTipo;PueUbicaci;SHAPE_Length;SHAPE_Area
gdb_mr_v06_26.gdb::RBic,NO DECLARADA (capa extra del GDB de Catastro),IDECA / Catastro Bogotá,,.gdb,,,15985.0,7,EPSG:4686,MultiLineString,RBiCodigo;RBiClase;RBiSentido;RBiTSuperf;RBiCIVial;RBiLocaliz;SHAPE_Length
gdb_mr_v06_26.gdb::MVI,NO DECLARADA (capa extra del GDB de Catastro),IDECA / Catastro Bogotá,,.gdb,,,139107.0,16,EPSG:4686,MultiLineString,MVICCalzad;MVICCat;MVITCla;MVITipo;MVINombre;MVINAltern;MVINPrinci;MVINGenera;MVINAntigu;MVIEtiquet;MVISVia;MVICIV;MVICodigo;MVINumC;MVIVelReg;SHAPE_Length
gdb_mr_v06_26.gdb::AUrb,NO DECLARADA (capa extra del GDB de Catastro),IDECA / Catastro Bogotá,,.gdb,,,7768.0,8,EPSG:4686,MultiPolygon,AUrCodigo;AUrAAdmini;AUrTPlano;AUrCPlano;AUrArea;AUrNombre;SHAPE_Length;SHAPE_Area
gdb_mr_v06_26.gdb::UPL,NO DECLARADA (capa extra del GDB de Catastro),IDECA / Catastro Bogotá,,.gdb,,,33.0,11,EPSG:4686,MultiPolygon,CODIGO_UPL;NOMBRE;ACTO_ADMINISTRATIVO;NUMERO_ACTO_ADMINISTRATIVO;FECHA_ACTO_ADMINISTRATIVO;NORMATIVA;VOCACION;OBSERVACION;AREA_HA;SHAPE_Length;SHAPE_Area
gdb_mr_v06_26.gdb::UPR,NO DECLARADA (capa extra del GDB de Catastro),IDECA / Catastro Bogotá,,.gdb,,,3.0,7,EPSG:4686,MultiPolygon,CODIGO_UPR;NOMBRE;ACTO_ADMINISTRATIVO;OBSERVACION;AREA_HECTAREAS;SHAPE_Length;SHAPE_Area
gdb_mr_v06_26.gdb::Suel,NO DECLARADA (capa extra del GDB de Catastro),IDECA / Catastro Bogotá,,.gdb,,,7.0,6,EPSG:4686,MultiPolygon,SueCodigo;SueCSuelo;SueAAdmini;SueArea;Shape_Length;Shape_Area
gdb_mr_v06_26.gdb::Cuenca,NO DECLARADA (capa extra del GDB de Catastro),IDECA / Catastro Bogotá,,.gdb,,,6.0,10,EPSG:4686,MultiPolygon,CODAH;NOMBAH;CODZH;NOMBZH;CODSZH;NOMBSZH;CODCH;NOMBCH;SHAPE_Length;SHAPE_Area
gdb_mr_v06_26.gdb::Microcuenca,NO DECLARADA (capa extra del GDB de Catastro),IDECA / Catastro Bogotá,,.gdb,,,39.0,8,EPSG:4686,MultiPolygon,CODCH;NOMBCH;CODSCH;NOMBSCH;CODMC;NOMBMC;SHAPE_Length;SHAPE_Area
gdb_mr_v06_26.gdb::SubCuenca,NO DECLARADA (capa extra del GDB de Catastro),IDECA / Catastro Bogotá,,.gdb,,,120.0,6,EPSG:4686,MultiPolygon,CODCH;NOMCH;CODSCH;NOMSCH;SHAPE_Length;SHAPE_Area
gdb_mr_v06_26.gdb::SubzonaHidrografica,NO DECLARADA (capa extra del GDB de Catastro),IDECA / Catastro Bogotá,,.gdb,,,7.0,8,EPSG:4686,MultiPolygon,CODAH;NOMBAH;CODZH;NOMBZH;CODSZH;NOMBSZH;SHAPE_Length;SHAPE_Area
gdb_mr_v06_26.gdb::NGeo,NO DECLARADA (capa extra del GDB de Catastro),IDECA / Catastro Bogotá,,.gdb,,,14071.0,10,EPSG:4686,Point,NGeIdentif;NGeEstado;NGeClasifi;NGeNombre;NGeCPostal;NGeEscMax;NGeEscMin;NGeFuente;NGeNAltern;NGeIdObRel
gdb_mr_v06_26.gdb::fras_aux_PGeo,NO DECLARADA (capa extra del GDB de Catastro),IDECA / Catastro Bogotá,,.gdb,,,0.0,3,,,rasterband_id;type;object
gdb_mr_v06_26.gdb::fras_blk_PGeo,NO DECLARADA (capa extra del GDB de Catastro),IDECA / Catastro Bogotá,,.gdb,,,0.0,6,,,rasterband_id;rrd_factor;row_nbr;col_nbr;block_data;block_key
gdb_mr_v06_26.gdb::fras_bnd_PGeo,NO DECLARADA (capa extra del GDB de Catastro),IDECA / Catastro Bogotá,,.gdb,,,0.0,18,,,sequence_nbr;raster_id;name;band_flags;band_width;band_height;band_types;block_width;block_height;block_origin_x;block_origin_y;eminx;eminy;emaxx;emaxy;cdate;mdate;srid
gdb_mr_v06_26.gdb::fras_ras_PGeo,NO DECLARADA (capa extra del GDB de Catastro),IDECA / Catastro Bogotá,,.gdb,,,0.0,3,,,raster_flags;description;storage_def
